Date,GBPUSD18SEPFUT O,GBPUSD18SEPFUT H,GBPUSD18SEPFUT L,GBPUSD18SEPFUT C,GBPUSD18SEPFUT V
9/14/2018 7:29:00 PM,1.3095,1.3099,1.3095,1.3097,51
9/14/2018 7:28:00 PM,1.3095,1.3095,1.3095,1.3095,0
9/14/2018 7:27:00 PM,1.3095,1.3095,1.3095,1.3095,0
9/14/2018 7:26:00 PM,1.3095,1.3095,1.3095,1.3095,0
9/14/2018 7:25:00 PM,1.3095,1.3095,1.3095,1.3095,0
9/14/2018 7:24:00 PM,1.3098,1.3098,1.3095,1.3095,82
9/14/2018 7:23:00 PM,1.3098,1.3098,1.3098,1.3098,0
9/14/2018 7:22:00 PM,1.3103,1.3103,1.3098,1.3098,1
9/14/2018 7:21:00 PM,1.3103,1.3103,1.3103,1.3103,0
9/14/2018 7:20:00 PM,1.3103,1.3103,1.3103,1.3103,0
9/14/2018 7:19:00 PM,1.3101,1.3103,1.3101,1.3103,2
9/14/2018 7:18:00 PM,1.3103,1.3103,1.3101,1.3101,2
9/14/2018 7:17:00 PM,1.3105,1.3105,1.3103,1.3103,5
9/14/2018 7:16:00 PM,1.3107,1.3107,1.3106,1.3106,2
9/14/2018 7:15:00 PM,1.3106,1.3107,1.3106,1.3107,8
9/14/2018 7:14:00 PM,1.3106,1.3106,1.3106,1.3106,0
9/14/2018 7:13:00 PM,1.3105,1.3106,1.3105,1.3106,1
9/14/2018 7:12:00 PM,1.3105,1.3105,1.3105,1.3105,0
9/14/2018 7:11:00 PM,1.3105,1.3105,1.3105,1.3105,0
9/14/2018 7:10:00 PM,1.3105,1.3105,1.3105,1.3105,0
9/14/2018 7:09:00 PM,1.3105,1.3105,1.3105,1.3105,0
9/14/2018 7:08:00 PM,1.3103,1.3105,1.3103,1.3105,4
9/14/2018 7:07:00 PM,1.3103,1.3103,1.3103,1.3103,0
9/14/2018 7:06:00 PM,1.3103,1.3103,1.3103,1.3103,0
9/14/2018 7:05:00 PM,1.3103,1.3103,1.3103,1.3103,0
9/14/2018 7:04:00 PM,1.3103,1.3103,1.3103,1.3103,0
9/14/2018 7:03:00 PM,1.3103,1.3103,1.3103,1.3103,0
9/14/2018 7:02:00 PM,1.3103,1.3103,1.3103,1.3103,0
9/14/2018 7:01:00 PM,1.3105,1.3105,1.3103,1.3103,5
9/14/2018 7:00:00 PM,1.3101,1.3105,1.3101,1.3105,984
9/14/2018 6:59:00 PM,1.3101,1.3101,1.3101,1.3101,0
9/14/2018 6:58:00 PM,1.3101,1.3101,1.3101,1.3101,0
9/14/2018 6:57:00 PM,1.3105,1.3105,1.3101,1.3101,3
9/14/2018 6:56:00 PM,1.3105,1.3105,1.3105,1.3105,0
9/14/2018 6:55:00 PM,1.3105,1.3105,1.3105,1.3105,0
9/14/2018 6:54:00 PM,1.31,1.3105,1.31,1.3105,18
9/14/2018 6:53:00 PM,1.31,1.31,1.31,1.31,0
9/14/2018 6:52:00 PM,1.3102,1.3102,1.31,1.31,2
9/14/2018 6:51:00 PM,1.3102,1.3102,1.3102,1.3102,0
9/14/2018 6:50:00 PM,1.3103,1.3103,1.3102,1.3102,7
9/14/2018 6:49:00 PM,1.3101,1.3103,1.3101,1.3103,5
9/14/2018 6:48:00 PM,1.3101,1.3101,1.3101,1.3101,0
9/14/2018 6:47:00 PM,1.3101,1.3101,1.3101,1.3101,1
9/14/2018 6:46:00 PM,1.31,1.3101,1.31,1.3101,5
9/14/2018 6:45:00 PM,1.3089,1.31,1.3089,1.31,1
9/14/2018 6:44:00 PM,1.3089,1.3089,1.3089,1.3089,0
9/14/2018 6:43:00 PM,1.3089,1.3089,1.3089,1.3089,0
9/14/2018 6:42:00 PM,1.3089,1.3089,1.3089,1.3089,0
9/14/2018 6:41:00 PM,1.3089,1.3089,1.3089,1.3089,0
9/14/2018 6:40:00 PM,1.3089,1.3089,1.3089,1.3089,0
9/14/2018 6:39:00 PM,1.3089,1.3089,1.3089,1.3089,0
9/14/2018 6:38:00 PM,1.3089,1.3089,1.3089,1.3089,0
9/14/2018 6:37:00 PM,1.3089,1.3089,1.3089,1.3089,5
9/14/2018 6:36:00 PM,1.3095,1.3095,1.309,1.309,952
9/14/2018 6:35:00 PM,1.3098,1.3098,1.3095,1.3095,89
9/14/2018 6:34:00 PM,1.3098,1.3098,1.3098,1.3098,0
9/14/2018 6:33:00 PM,1.3095,1.3098,1.3095,1.3098,1
9/14/2018 6:32:00 PM,1.3095,1.3095,1.3095,1.3095,0
9/14/2018 6:31:00 PM,1.3095,1.3095,1.3095,1.3095,0
9/14/2018 6:30:00 PM,1.3095,1.3095,1.3095,1.3095,0
9/14/2018 6:29:00 PM,1.3098,1.3098,1.3095,1.3095,101
9/14/2018 6:28:00 PM,1.31,1.31,1.3098,1.3098,2
9/14/2018 6:27:00 PM,1.31,1.31,1.31,1.31,0
9/14/2018 6:26:00 PM,1.31,1.31,1.31,1.31,0
9/14/2018 6:25:00 PM,1.3103,1.3103,1.31,1.31,10
9/14/2018 6:24:00 PM,1.3103,1.3103,1.3103,1.3103,0
9/14/2018 6:23:00 PM,1.3103,1.3103,1.3103,1.3103,0
9/14/2018 6:22:00 PM,1.3103,1.3103,1.3103,1.3103,347
9/14/2018 6:21:00 PM,1.3103,1.3103,1.3103,1.3103,0
9/14/2018 6:20:00 PM,1.3103,1.3103,1.3103,1.3103,0
9/14/2018 6:19:00 PM,1.3107,1.3107,1.3103,1.3103,655
9/14/2018 6:18:00 PM,1.3107,1.3107,1.3107,1.3107,0
9/14/2018 6:17:00 PM,1.3107,1.3107,1.3107,1.3107,0
9/14/2018 6:16:00 PM,1.3107,1.3107,1.3107,1.3107,0
9/14/2018 6:15:00 PM,1.3107,1.3107,1.3107,1.3107,0
9/14/2018 6:14:00 PM,1.311,1.311,1.3107,1.3107,13
9/14/2018 6:13:00 PM,1.3105,1.311,1.3105,1.311,1
9/14/2018 6:12:00 PM,1.3104,1.3105,1.3104,1.3105,153
9/14/2018 6:11:00 PM,1.3099,1.3104,1.3099,1.3104,3
9/14/2018 6:10:00 PM,1.3099,1.3099,1.3099,1.3099,0
9/14/2018 6:09:00 PM,1.3099,1.3099,1.3099,1.3099,0
9/14/2018 6:08:00 PM,1.3099,1.3099,1.3099,1.3099,0
9/14/2018 6:07:00 PM,1.3105,1.3105,1.3099,1.3099,13
9/14/2018 6:06:00 PM,1.3105,1.3105,1.3105,1.3105,0
9/14/2018 6:05:00 PM,1.3107,1.3107,1.3105,1.3105,75
9/14/2018 6:04:00 PM,1.3117,1.3117,1.3107,1.3107,75
9/14/2018 6:03:00 PM,1.3117,1.3117,1.3117,1.3117,0
9/14/2018 6:02:00 PM,1.3121,1.3121,1.3117,1.3117,2
9/14/2018 6:01:00 PM,1.3125,1.3125,1.3121,1.3121,1
9/14/2018 6:00:00 PM,1.3117,1.3125,1.3117,1.3125,201
9/14/2018 5:59:00 PM,1.3117,1.3117,1.3117,1.3117,0
9/14/2018 5:58:00 PM,1.3117,1.3117,1.3117,1.3117,0
9/14/2018 5:57:00 PM,1.3117,1.3117,1.3117,1.3117,0
9/14/2018 5:56:00 PM,1.3114,1.3117,1.3114,1.3117,1
9/14/2018 5:55:00 PM,1.3114,1.3114,1.3114,1.3114,0
9/14/2018 5:54:00 PM,1.3119,1.3119,1.3114,1.3114,1
9/14/2018 5:53:00 PM,1.3119,1.3119,1.3119,1.3119,0
9/14/2018 5:52:00 PM,1.3119,1.3119,1.3119,1.3119,0
9/14/2018 5:51:00 PM,1.3104,1.3119,1.3104,1.3119,150
9/14/2018 5:50:00 PM,1.3104,1.3104,1.3104,1.3104,0
9/14/2018 5:49:00 PM,1.3133,1.3133,1.3104,1.3104,46
9/14/2018 5:48:00 PM,1.3105,1.3148,1.3105,1.3133,448
9/14/2018 5:47:00 PM,1.3105,1.3105,1.3105,1.3105,1
9/14/2018 5:46:00 PM,1.3105,1.3105,1.3105,1.3105,0
9/14/2018 5:45:00 PM,1.3105,1.3105,1.3105,1.3105,50
9/14/2018 5:44:00 PM,1.3105,1.3105,1.3105,1.3105,0
9/14/2018 5:43:00 PM,1.3105,1.3105,1.3105,1.3105,0
9/14/2018 5:42:00 PM,1.3105,1.3105,1.3105,1.3105,0
9/14/2018 5:41:00 PM,1.3102,1.3105,1.3102,1.3105,1
9/14/2018 5:40:00 PM,1.3102,1.3102,1.3102,1.3102,0
9/14/2018 5:39:00 PM,1.3102,1.3102,1.3102,1.3102,5
9/14/2018 5:38:00 PM,1.3102,1.3102,1.3102,1.3102,0
9/14/2018 5:37:00 PM,1.3102,1.3102,1.3102,1.3102,0
9/14/2018 5:36:00 PM,1.3102,1.3102,1.3102,1.3102,0
9/14/2018 5:35:00 PM,1.31,1.3102,1.31,1.3102,10
9/14/2018 5:34:00 PM,1.3096,1.31,1.3096,1.31,105
9/14/2018 5:33:00 PM,1.3096,1.3096,1.3096,1.3096,0
9/14/2018 5:32:00 PM,1.3096,1.3096,1.3096,1.3096,0
9/14/2018 5:31:00 PM,1.3092,1.3096,1.3092,1.3096,1
9/14/2018 5:30:00 PM,1.3092,1.3092,1.3092,1.3092,0
9/14/2018 5:29:00 PM,1.31,1.31,1.3092,1.3092,38
9/14/2018 5:28:00 PM,1.3099,1.31,1.3099,1.31,2
9/14/2018 5:27:00 PM,1.3099,1.3099,1.3099,1.3099,0
9/14/2018 5:26:00 PM,1.3101,1.3101,1.3099,1.3099,2
9/14/2018 5:25:00 PM,1.3101,1.3101,1.3101,1.3101,0
9/14/2018 5:24:00 PM,1.3098,1.3101,1.3098,1.3101,2
9/14/2018 5:23:00 PM,1.3098,1.3098,1.3098,1.3098,0
9/14/2018 5:22:00 PM,1.31,1.31,1.3098,1.3098,24
9/14/2018 5:21:00 PM,1.3102,1.3102,1.31,1.31,18
9/14/2018 5:20:00 PM,1.31,1.3102,1.31,1.3102,3
9/14/2018 5:19:00 PM,1.31,1.31,1.31,1.31,0
9/14/2018 5:18:00 PM,1.31,1.31,1.31,1.31,0
9/14/2018 5:17:00 PM,1.31,1.31,1.31,1.31,0
9/14/2018 5:16:00 PM,1.3112,1.3112,1.31,1.31,488
9/14/2018 5:15:00 PM,1.3114,1.3114,1.3114,1.3114,0
9/14/2018 5:14:00 PM,1.3115,1.3115,1.3114,1.3114,5
9/14/2018 5:13:00 PM,1.3115,1.3115,1.3115,1.3115,0
9/14/2018 5:12:00 PM,1.3114,1.3115,1.3114,1.3115,5
9/14/2018 5:11:00 PM,1.3114,1.3114,1.3114,1.3114,0
9/14/2018 5:10:00 PM,1.3114,1.3114,1.3114,1.3114,0
9/14/2018 5:09:00 PM,1.3114,1.3114,1.3114,1.3114,0
9/14/2018 5:08:00 PM,1.3121,1.3121,1.3114,1.3114,107
9/14/2018 5:07:00 PM,1.3121,1.3121,1.3121,1.3121,0
9/14/2018 5:06:00 PM,1.3125,1.3125,1.3121,1.3121,27
9/14/2018 5:05:00 PM,1.3125,1.3125,1.3125,1.3125,0
9/14/2018 5:04:00 PM,1.3125,1.3125,1.3125,1.3125,0
9/14/2018 5:03:00 PM,1.3125,1.3125,1.3125,1.3125,0
9/14/2018 5:02:00 PM,1.3125,1.3125,1.3125,1.3125,0
9/14/2018 5:01:00 PM,1.3125,1.3125,1.3125,1.3125,0
9/14/2018 5:00:00 PM,1.3125,1.3125,1.3125,1.3125,0
9/14/2018 4:59:00 PM,1.3125,1.3125,1.3125,1.3125,24
9/14/2018 4:58:00 PM,1.3125,1.3126,1.3125,1.3125,35
9/14/2018 4:57:00 PM,1.3124,1.3125,1.3124,1.3125,2
9/14/2018 4:56:00 PM,1.3124,1.3125,1.3124,1.3124,2
9/14/2018 4:55:00 PM,1.3124,1.3124,1.3124,1.3124,0
9/14/2018 4:54:00 PM,1.3125,1.3125,1.3124,1.3124,1
9/14/2018 4:53:00 PM,1.3125,1.3125,1.3125,1.3125,0
9/14/2018 4:52:00 PM,1.3128,1.3128,1.3125,1.3125,1
9/14/2018 4:51:00 PM,1.3128,1.3128,1.3128,1.3128,0
9/14/2018 4:50:00 PM,1.3128,1.313,1.3128,1.3128,2
9/14/2018 4:49:00 PM,1.3128,1.3128,1.3128,1.3128,0
9/14/2018 4:48:00 PM,1.3129,1.3129,1.3128,1.3128,1
9/14/2018 4:47:00 PM,1.3129,1.3129,1.3129,1.3129,0
9/14/2018 4:46:00 PM,1.313,1.313,1.3129,1.3129,19
9/14/2018 4:45:00 PM,1.313,1.313,1.313,1.313,0
9/14/2018 4:44:00 PM,1.313,1.313,1.313,1.313,0
9/14/2018 4:43:00 PM,1.313,1.313,1.313,1.313,0
9/14/2018 4:42:00 PM,1.313,1.313,1.313,1.313,0
9/14/2018 4:41:00 PM,1.313,1.313,1.313,1.313,0
9/14/2018 4:40:00 PM,1.313,1.313,1.313,1.313,0
9/14/2018 4:39:00 PM,1.313,1.313,1.313,1.313,0
9/14/2018 4:38:00 PM,1.313,1.313,1.313,1.313,0
9/14/2018 4:37:00 PM,1.313,1.313,1.313,1.313,0
9/14/2018 4:36:00 PM,1.313,1.313,1.313,1.313,0
9/14/2018 4:35:00 PM,1.313,1.313,1.313,1.313,0
9/14/2018 4:34:00 PM,1.313,1.313,1.313,1.313,0
9/14/2018 4:33:00 PM,1.313,1.313,1.313,1.313,0
9/14/2018 4:32:00 PM,1.3126,1.313,1.3126,1.313,1
9/14/2018 4:31:00 PM,1.3126,1.3126,1.3126,1.3126,0
9/14/2018 4:30:00 PM,1.3126,1.3126,1.3126,1.3126,0
9/14/2018 4:29:00 PM,1.3126,1.3126,1.3126,1.3126,0
9/14/2018 4:28:00 PM,1.3126,1.3126,1.3126,1.3126,0
9/14/2018 4:27:00 PM,1.3126,1.3126,1.3126,1.3126,0
9/14/2018 4:26:00 PM,1.3126,1.3126,1.3126,1.3126,0
9/14/2018 4:25:00 PM,1.3129,1.3129,1.3126,1.3126,100
9/14/2018 4:24:00 PM,1.3129,1.3129,1.3129,1.3129,0
9/14/2018 4:23:00 PM,1.3129,1.3129,1.3129,1.3129,0
9/14/2018 4:22:00 PM,1.3129,1.3129,1.3129,1.3129,0
9/14/2018 4:21:00 PM,1.3129,1.3129,1.3129,1.3129,0
9/14/2018 4:20:00 PM,1.3129,1.3129,1.3129,1.3129,0
9/14/2018 4:19:00 PM,1.3129,1.3129,1.3129,1.3129,0
9/14/2018 4:18:00 PM,1.3129,1.3129,1.3129,1.3129,0
9/14/2018 4:17:00 PM,1.3129,1.3129,1.3129,1.3129,0
9/14/2018 4:16:00 PM,1.3129,1.3129,1.3129,1.3129,0
9/14/2018 4:15:00 PM,1.3129,1.3129,1.3129,1.3129,0
9/14/2018 4:14:00 PM,1.3129,1.3129,1.3129,1.3129,0
9/14/2018 4:13:00 PM,1.3129,1.3129,1.3129,1.3129,1
9/14/2018 4:12:00 PM,1.3129,1.3129,1.3129,1.3129,0
9/14/2018 4:11:00 PM,1.3129,1.3129,1.3129,1.3129,0
9/14/2018 4:10:00 PM,1.3129,1.3129,1.3129,1.3129,0
9/14/2018 4:09:00 PM,1.3129,1.3129,1.3129,1.3129,0
9/14/2018 4:08:00 PM,1.3134,1.3134,1.3129,1.3129,2
9/14/2018 4:07:00 PM,1.3134,1.3134,1.3134,1.3134,0
9/14/2018 4:06:00 PM,1.3134,1.3134,1.3134,1.3134,0
9/14/2018 4:05:00 PM,1.3134,1.3134,1.3134,1.3134,0
9/14/2018 4:04:00 PM,1.3134,1.3134,1.3134,1.3134,0
9/14/2018 4:03:00 PM,1.3131,1.3134,1.3131,1.3134,2
9/14/2018 4:02:00 PM,1.3134,1.3134,1.3131,1.3131,2
9/14/2018 4:01:00 PM,1.3134,1.3134,1.3134,1.3134,0
9/14/2018 4:00:00 PM,1.3134,1.3134,1.3134,1.3134,0
9/14/2018 3:59:00 PM,1.3134,1.3134,1.3134,1.3134,0
9/14/2018 3:58:00 PM,1.3134,1.3134,1.3134,1.3134,0
9/14/2018 3:57:00 PM,1.3135,1.3135,1.3134,1.3134,122
9/14/2018 3:56:00 PM,1.3134,1.3135,1.3134,1.3135,15
9/14/2018 3:55:00 PM,1.3134,1.3134,1.3134,1.3134,0
9/14/2018 3:54:00 PM,1.3134,1.3134,1.3134,1.3134,0
9/14/2018 3:53:00 PM,1.3131,1.3134,1.3131,1.3134,109
9/14/2018 3:52:00 PM,1.3131,1.3131,1.3131,1.3131,0
9/14/2018 3:51:00 PM,1.3131,1.3131,1.3131,1.3131,0
9/14/2018 3:50:00 PM,1.3131,1.3131,1.3131,1.3131,0
9/14/2018 3:49:00 PM,1.3131,1.3131,1.3131,1.3131,0
9/14/2018 3:48:00 PM,1.3131,1.3131,1.3131,1.3131,0
9/14/2018 3:47:00 PM,1.3131,1.3131,1.3131,1.3131,0
9/14/2018 3:46:00 PM,1.3131,1.3131,1.3131,1.3131,0
9/14/2018 3:45:00 PM,1.3131,1.3131,1.3131,1.3131,0
9/14/2018 3:44:00 PM,1.3131,1.3131,1.3131,1.3131,0
9/14/2018 3:43:00 PM,1.3131,1.3131,1.3131,1.3131,0
9/14/2018 3:42:00 PM,1.3131,1.3131,1.3131,1.3131,0
9/14/2018 3:41:00 PM,1.313,1.3131,1.313,1.3131,1
9/14/2018 3:40:00 PM,1.313,1.313,1.313,1.313,0
9/14/2018 3:39:00 PM,1.313,1.313,1.313,1.313,0
9/14/2018 3:38:00 PM,1.313,1.313,1.313,1.313,0
9/14/2018 3:37:00 PM,1.313,1.313,1.313,1.313,0
9/14/2018 3:36:00 PM,1.3123,1.313,1.3123,1.313,105
9/14/2018 3:35:00 PM,1.3123,1.3123,1.3123,1.3123,0
9/14/2018 3:34:00 PM,1.3125,1.3125,1.3123,1.3123,54
9/14/2018 3:33:00 PM,1.3125,1.3125,1.3125,1.3125,0
9/14/2018 3:32:00 PM,1.3126,1.3126,1.3125,1.3125,5
9/14/2018 3:31:00 PM,1.313,1.313,1.3126,1.3126,256
9/14/2018 3:30:00 PM,1.313,1.313,1.313,1.313,0
9/14/2018 3:29:00 PM,1.313,1.313,1.313,1.313,0
9/14/2018 3:28:00 PM,1.313,1.313,1.313,1.313,0
9/14/2018 3:27:00 PM,1.313,1.313,1.313,1.313,0
9/14/2018 3:26:00 PM,1.313,1.313,1.313,1.313,0
9/14/2018 3:25:00 PM,1.3126,1.313,1.3126,1.313,15
9/14/2018 3:24:00 PM,1.3126,1.3126,1.3126,1.3126,9
9/14/2018 3:23:00 PM,1.3126,1.3126,1.3126,1.3126,0
9/14/2018 3:22:00 PM,1.3126,1.3126,1.3126,1.3126,0
9/14/2018 3:21:00 PM,1.3126,1.3126,1.3126,1.3126,0
9/14/2018 3:20:00 PM,1.3126,1.3126,1.3126,1.3126,0
9/14/2018 3:19:00 PM,1.3126,1.3126,1.3126,1.3126,0
9/14/2018 3:18:00 PM,1.3126,1.3126,1.3126,1.3126,0
9/14/2018 3:17:00 PM,1.3126,1.3126,1.3126,1.3126,0
9/14/2018 3:16:00 PM,1.3126,1.3126,1.3126,1.3126,0
9/14/2018 3:15:00 PM,1.3126,1.3126,1.3126,1.3126,0
9/14/2018 3:14:00 PM,1.3126,1.3126,1.3126,1.3126,0
9/14/2018 3:13:00 PM,1.3126,1.3126,1.3126,1.3126,0
9/14/2018 3:12:00 PM,1.3126,1.3126,1.3126,1.3126,0
9/14/2018 3:11:00 PM,1.3126,1.3126,1.3126,1.3126,0
9/14/2018 3:10:00 PM,1.3126,1.3126,1.3126,1.3126,0
9/14/2018 3:09:00 PM,1.3126,1.3126,1.3126,1.3126,0
9/14/2018 3:08:00 PM,1.3126,1.3126,1.3126,1.3126,0
9/14/2018 3:07:00 PM,1.3126,1.3126,1.3126,1.3126,5
9/14/2018 3:06:00 PM,1.3126,1.3127,1.3126,1.3127,1
9/14/2018 3:05:00 PM,1.3132,1.3132,1.3126,1.3126,65
9/14/2018 3:04:00 PM,1.3132,1.3132,1.3132,1.3132,0
9/14/2018 3:03:00 PM,1.3132,1.3132,1.3132,1.3132,0
9/14/2018 3:02:00 PM,1.3132,1.3132,1.3132,1.3132,0
9/14/2018 3:01:00 PM,1.3132,1.3132,1.3132,1.3132,0
9/14/2018 3:00:00 PM,1.3132,1.3132,1.3132,1.3132,0
9/14/2018 2:59:00 PM,1.3132,1.3132,1.3132,1.3132,2
9/14/2018 2:58:00 PM,1.3131,1.3132,1.3131,1.3132,1
9/14/2018 2:57:00 PM,1.3131,1.3131,1.3131,1.3131,0
9/14/2018 2:56:00 PM,1.313,1.3133,1.313,1.3131,125
9/14/2018 2:55:00 PM,1.313,1.313,1.313,1.313,0
9/14/2018 2:54:00 PM,1.313,1.313,1.313,1.313,0
9/14/2018 2:53:00 PM,1.313,1.313,1.313,1.313,0
9/14/2018 2:52:00 PM,1.313,1.313,1.313,1.313,0
9/14/2018 2:51:00 PM,1.313,1.313,1.313,1.313,0
9/14/2018 2:50:00 PM,1.313,1.313,1.313,1.313,0
9/14/2018 2:49:00 PM,1.313,1.313,1.313,1.313,0
9/14/2018 2:48:00 PM,1.313,1.313,1.313,1.313,0
9/14/2018 2:47:00 PM,1.313,1.313,1.313,1.313,0
9/14/2018 2:46:00 PM,1.313,1.313,1.313,1.313,0
9/14/2018 2:45:00 PM,1.313,1.313,1.313,1.313,0
9/14/2018 2:44:00 PM,1.313,1.313,1.313,1.313,0
9/14/2018 2:43:00 PM,1.313,1.3131,1.313,1.313,56
9/14/2018 2:42:00 PM,1.3134,1.3134,1.313,1.313,1
9/14/2018 2:41:00 PM,1.3137,1.3137,1.3134,1.3134,10
9/14/2018 2:40:00 PM,1.3137,1.3137,1.3137,1.3137,0
9/14/2018 2:39:00 PM,1.3139,1.3139,1.3137,1.3137,1
9/14/2018 2:38:00 PM,1.3139,1.3139,1.3139,1.3139,0
9/14/2018 2:37:00 PM,1.3141,1.3141,1.3139,1.3139,1
9/14/2018 2:36:00 PM,1.3141,1.3141,1.3141,1.3141,0
9/14/2018 2:35:00 PM,1.3141,1.3141,1.3141,1.3141,0
9/14/2018 2:34:00 PM,1.3141,1.3141,1.3141,1.3141,0
9/14/2018 2:33:00 PM,1.3141,1.3141,1.3141,1.3141,0
9/14/2018 2:32:00 PM,1.3141,1.3141,1.3141,1.3141,0
9/14/2018 2:31:00 PM,1.314,1.3141,1.314,1.3141,32
9/14/2018 2:30:00 PM,1.314,1.314,1.314,1.314,0
9/14/2018 2:29:00 PM,1.3133,1.314,1.3133,1.314,54
9/14/2018 2:28:00 PM,1.3133,1.3133,1.3133,1.3133,0
9/14/2018 2:27:00 PM,1.3133,1.3133,1.3133,1.3133,0
9/14/2018 2:26:00 PM,1.3132,1.3133,1.3132,1.3133,5
9/14/2018 2:25:00 PM,1.3132,1.3132,1.3132,1.3132,0
9/14/2018 2:24:00 PM,1.3132,1.3132,1.3132,1.3132,0
9/14/2018 2:23:00 PM,1.3132,1.3132,1.3132,1.3132,0
9/14/2018 2:22:00 PM,1.3132,1.3132,1.3132,1.3132,0
9/14/2018 2:21:00 PM,1.3132,1.3132,1.3132,1.3132,0
9/14/2018 2:20:00 PM,1.3132,1.3132,1.3132,1.3132,0
9/14/2018 2:19:00 PM,1.3132,1.3132,1.3132,1.3132,0
9/14/2018 2:18:00 PM,1.3132,1.3132,1.3132,1.3132,0
9/14/2018 2:17:00 PM,1.3132,1.3132,1.3132,1.3132,0
9/14/2018 2:16:00 PM,1.3132,1.3132,1.3132,1.3132,0
9/14/2018 2:15:00 PM,1.3132,1.3132,1.3132,1.3132,1
9/14/2018 2:14:00 PM,1.3132,1.3132,1.3132,1.3132,0
9/14/2018 2:13:00 PM,1.3132,1.3132,1.3132,1.3132,0
9/14/2018 2:12:00 PM,1.3132,1.3132,1.3132,1.3132,0
9/14/2018 2:11:00 PM,1.3132,1.3132,1.3132,1.3132,0
9/14/2018 2:10:00 PM,1.3132,1.3132,1.3132,1.3132,0
9/14/2018 2:09:00 PM,1.3132,1.3132,1.3132,1.3132,0
9/14/2018 2:08:00 PM,1.3132,1.3132,1.3132,1.3132,0
9/14/2018 2:07:00 PM,1.3132,1.3132,1.3132,1.3132,0
9/14/2018 2:06:00 PM,1.3132,1.3132,1.3132,1.3132,0
9/14/2018 2:05:00 PM,1.3132,1.3132,1.3132,1.3132,0
9/14/2018 2:04:00 PM,1.3132,1.3132,1.3132,1.3132,0
9/14/2018 2:03:00 PM,1.3132,1.3132,1.3132,1.3132,0
9/14/2018 2:02:00 PM,1.3132,1.3132,1.3132,1.3132,0
9/14/2018 2:01:00 PM,1.3132,1.3132,1.3132,1.3132,0
9/14/2018 2:00:00 PM,1.3132,1.3132,1.3132,1.3132,0
9/14/2018 1:59:00 PM,1.3132,1.3132,1.3132,1.3132,0
9/14/2018 1:58:00 PM,1.313,1.3132,1.313,1.3132,2
9/14/2018 1:57:00 PM,1.313,1.3131,1.313,1.313,106
9/14/2018 1:56:00 PM,1.313,1.313,1.313,1.313,0
9/14/2018 1:55:00 PM,1.313,1.313,1.313,1.313,0
9/14/2018 1:54:00 PM,1.313,1.313,1.313,1.313,0
9/14/2018 1:53:00 PM,1.313,1.313,1.313,1.313,0
9/14/2018 1:52:00 PM,1.313,1.313,1.313,1.313,0
9/14/2018 1:51:00 PM,1.313,1.313,1.313,1.313,69
9/14/2018 1:50:00 PM,1.313,1.313,1.313,1.313,0
9/14/2018 1:49:00 PM,1.313,1.313,1.313,1.313,0
9/14/2018 1:48:00 PM,1.313,1.313,1.313,1.313,0
9/14/2018 1:47:00 PM,1.313,1.313,1.313,1.313,0
9/14/2018 1:46:00 PM,1.313,1.313,1.313,1.313,0
9/14/2018 1:45:00 PM,1.3138,1.3138,1.313,1.313,50
9/14/2018 1:44:00 PM,1.3138,1.3138,1.3138,1.3138,0
9/14/2018 1:43:00 PM,1.3138,1.3138,1.3138,1.3138,0
9/14/2018 1:42:00 PM,1.3138,1.3138,1.3138,1.3138,0
9/14/2018 1:41:00 PM,1.3138,1.3138,1.3138,1.3138,0
9/14/2018 1:40:00 PM,1.3138,1.3138,1.3138,1.3138,0
9/14/2018 1:39:00 PM,1.3138,1.3138,1.3138,1.3138,0
9/14/2018 1:38:00 PM,1.3136,1.3138,1.3136,1.3138,1
9/14/2018 1:37:00 PM,1.3136,1.3136,1.3136,1.3136,0
9/14/2018 1:36:00 PM,1.3136,1.3136,1.3136,1.3136,0
9/14/2018 1:35:00 PM,1.3136,1.3136,1.3136,1.3136,0
9/14/2018 1:34:00 PM,1.3141,1.3141,1.3136,1.3136,100
9/14/2018 1:33:00 PM,1.3141,1.3141,1.3141,1.3141,0
9/14/2018 1:32:00 PM,1.3141,1.3141,1.3141,1.3141,0
9/14/2018 1:31:00 PM,1.3141,1.3141,1.3141,1.3141,0
9/14/2018 1:30:00 PM,1.3141,1.3141,1.3141,1.3141,0
9/14/2018 1:29:00 PM,1.3141,1.3141,1.3141,1.3141,0
9/14/2018 1:28:00 PM,1.3135,1.3141,1.3135,1.3141,5
9/14/2018 1:27:00 PM,1.3135,1.3135,1.3135,1.3135,0
9/14/2018 1:26:00 PM,1.3135,1.3135,1.3135,1.3135,0
9/14/2018 1:25:00 PM,1.3135,1.3135,1.3135,1.3135,0
9/14/2018 1:24:00 PM,1.3134,1.3135,1.3134,1.3135,1051
9/14/2018 1:23:00 PM,1.3134,1.3134,1.3134,1.3134,0
9/14/2018 1:22:00 PM,1.3134,1.3134,1.3134,1.3134,0
9/14/2018 1:21:00 PM,1.3134,1.3134,1.3134,1.3134,0
9/14/2018 1:20:00 PM,1.3134,1.3134,1.3134,1.3134,0
9/14/2018 1:19:00 PM,1.3134,1.3134,1.3134,1.3134,0
9/14/2018 1:18:00 PM,1.3134,1.3134,1.3134,1.3134,0
9/14/2018 1:17:00 PM,1.313,1.3134,1.313,1.3134,557
9/14/2018 1:16:00 PM,1.313,1.313,1.313,1.313,0
9/14/2018 1:15:00 PM,1.3137,1.3137,1.313,1.313,50
9/14/2018 1:14:00 PM,1.3137,1.3137,1.3137,1.3137,0
9/14/2018 1:13:00 PM,1.3137,1.3137,1.3137,1.3137,0
9/14/2018 1:12:00 PM,1.3137,1.3137,1.3137,1.3137,0
9/14/2018 1:11:00 PM,1.3137,1.3137,1.3137,1.3137,0
9/14/2018 1:10:00 PM,1.3137,1.3137,1.3137,1.3137,0
9/14/2018 1:09:00 PM,1.3135,1.3137,1.3135,1.3137,443
9/14/2018 1:08:00 PM,1.313,1.3135,1.313,1.3135,110
9/14/2018 1:07:00 PM,1.3131,1.3131,1.313,1.313,30
9/14/2018 1:06:00 PM,1.3131,1.3131,1.3131,1.3131,0
9/14/2018 1:05:00 PM,1.3128,1.3131,1.3128,1.3131,236
9/14/2018 1:04:00 PM,1.3126,1.3128,1.3126,1.3128,1
9/14/2018 1:03:00 PM,1.3126,1.3126,1.3126,1.3126,0
9/14/2018 1:02:00 PM,1.3125,1.3126,1.3125,1.3126,5
9/14/2018 1:01:00 PM,1.3125,1.3125,1.3125,1.3125,0
9/14/2018 1:00:00 PM,1.3125,1.3125,1.3125,1.3125,0
9/14/2018 12:59:00 PM,1.3125,1.3125,1.3125,1.3125,0
9/14/2018 12:58:00 PM,1.3125,1.3125,1.3125,1.3125,0
9/14/2018 12:57:00 PM,1.3125,1.3125,1.3125,1.3125,0
9/14/2018 12:56:00 PM,1.3125,1.3125,1.3125,1.3125,0
9/14/2018 12:55:00 PM,1.3126,1.3126,1.3125,1.3125,29
9/14/2018 12:54:00 PM,1.3127,1.3127,1.3126,1.3126,68
9/14/2018 12:53:00 PM,1.3127,1.3127,1.3127,1.3127,0
9/14/2018 12:52:00 PM,1.3127,1.3127,1.3127,1.3127,28
9/14/2018 12:51:00 PM,1.3123,1.3127,1.3123,1.3127,3
9/14/2018 12:50:00 PM,1.3123,1.3123,1.3123,1.3123,0
9/14/2018 12:49:00 PM,1.3123,1.3123,1.3123,1.3123,0
9/14/2018 12:48:00 PM,1.3123,1.3123,1.3123,1.3123,0
9/14/2018 12:47:00 PM,1.3123,1.3123,1.3123,1.3123,0
9/14/2018 12:46:00 PM,1.3123,1.3123,1.3123,1.3123,0
9/14/2018 12:45:00 PM,1.3118,1.3123,1.3118,1.3123,50
9/14/2018 12:44:00 PM,1.3118,1.3118,1.3118,1.3118,0
9/14/2018 12:43:00 PM,1.3118,1.3118,1.3118,1.3118,0
9/14/2018 12:42:00 PM,1.3118,1.3118,1.3118,1.3118,0
9/14/2018 12:41:00 PM,1.3118,1.3118,1.3118,1.3118,0
9/14/2018 12:40:00 PM,1.3118,1.3118,1.3118,1.3118,0
9/14/2018 12:39:00 PM,1.3118,1.3118,1.3118,1.3118,0
9/14/2018 12:38:00 PM,1.3118,1.3118,1.3118,1.3118,0
9/14/2018 12:37:00 PM,1.3118,1.3118,1.3118,1.3118,0
9/14/2018 12:36:00 PM,1.3118,1.3118,1.3118,1.3118,0
9/14/2018 12:35:00 PM,1.3118,1.3118,1.3118,1.3118,0
9/14/2018 12:34:00 PM,1.3118,1.3118,1.3118,1.3118,0
9/14/2018 12:33:00 PM,1.3118,1.3118,1.3118,1.3118,0
9/14/2018 12:32:00 PM,1.3118,1.3118,1.3118,1.3118,0
9/14/2018 12:31:00 PM,1.3121,1.3121,1.3118,1.3118,2
9/14/2018 12:30:00 PM,1.3121,1.3121,1.3121,1.3121,150
9/14/2018 12:29:00 PM,1.3125,1.3125,1.3121,1.3121,184
9/14/2018 12:28:00 PM,1.3125,1.3125,1.3125,1.3125,0
9/14/2018 12:27:00 PM,1.3121,1.3125,1.3121,1.3125,31
9/14/2018 12:26:00 PM,1.3121,1.3121,1.3121,1.3121,61
9/14/2018 12:25:00 PM,1.3123,1.3123,1.3121,1.3121,31
9/14/2018 12:24:00 PM,1.3124,1.3124,1.3123,1.3123,241
9/14/2018 12:23:00 PM,1.3124,1.3124,1.3124,1.3124,0
9/14/2018 12:22:00 PM,1.3125,1.3125,1.3124,1.3124,48
9/14/2018 12:21:00 PM,1.3123,1.3125,1.3123,1.3125,811
9/14/2018 12:20:00 PM,1.3122,1.3123,1.3122,1.3123,566
9/14/2018 12:19:00 PM,1.3121,1.3122,1.3121,1.3122,482
9/14/2018 12:18:00 PM,1.3121,1.3121,1.3121,1.3121,0
9/14/2018 12:17:00 PM,1.3121,1.3121,1.3121,1.3121,0
9/14/2018 12:16:00 PM,1.3121,1.3121,1.3121,1.3121,0
9/14/2018 12:15:00 PM,1.3121,1.3121,1.3121,1.3121,60
9/14/2018 12:14:00 PM,1.3119,1.3121,1.3119,1.3121,8
9/14/2018 12:13:00 PM,1.3124,1.3124,1.3118,1.3119,228
9/14/2018 12:12:00 PM,1.3124,1.3124,1.3124,1.3124,0
9/14/2018 12:11:00 PM,1.3124,1.3124,1.3124,1.3124,0
9/14/2018 12:10:00 PM,1.3124,1.3124,1.3124,1.3124,0
9/14/2018 12:09:00 PM,1.3124,1.3124,1.3124,1.3124,0
9/14/2018 12:08:00 PM,1.3124,1.3124,1.3124,1.3124,0
9/14/2018 12:07:00 PM,1.3124,1.3124,1.3124,1.3124,0
9/14/2018 12:06:00 PM,1.3124,1.3124,1.3124,1.3124,0
9/14/2018 12:05:00 PM,1.3124,1.3124,1.3124,1.3124,0
9/14/2018 12:04:00 PM,1.3124,1.3124,1.3124,1.3124,97
9/14/2018 12:03:00 PM,1.3114,1.3124,1.3114,1.3124,3
9/14/2018 12:02:00 PM,1.3114,1.3114,1.3114,1.3114,0
9/14/2018 12:01:00 PM,1.3114,1.3114,1.3114,1.3114,0
9/14/2018 12:00:00 PM,1.3114,1.3114,1.3114,1.3114,0
9/14/2018 11:59:00 AM,1.3114,1.3114,1.3114,1.3114,0
9/14/2018 11:58:00 AM,1.3114,1.3114,1.3114,1.3114,0
9/14/2018 11:57:00 AM,1.3114,1.3114,1.3114,1.3114,0
9/14/2018 11:56:00 AM,1.3114,1.3114,1.3114,1.3114,0
9/14/2018 11:55:00 AM,1.3114,1.3114,1.3114,1.3114,0
9/14/2018 11:54:00 AM,1.3114,1.3114,1.3114,1.3114,0
9/14/2018 11:53:00 AM,1.3114,1.3114,1.3114,1.3114,0
9/14/2018 11:52:00 AM,1.3114,1.3114,1.3114,1.3114,0
9/14/2018 11:51:00 AM,1.3114,1.3114,1.3114,1.3114,0
9/14/2018 11:50:00 AM,1.312,1.312,1.3114,1.3114,5
9/14/2018 11:49:00 AM,1.312,1.312,1.312,1.312,0
9/14/2018 11:48:00 AM,1.312,1.312,1.312,1.312,0
9/14/2018 11:47:00 AM,1.312,1.312,1.312,1.312,0
9/14/2018 11:46:00 AM,1.312,1.312,1.312,1.312,0
9/14/2018 11:45:00 AM,1.312,1.312,1.312,1.312,0
9/14/2018 11:44:00 AM,1.312,1.312,1.312,1.312,0
9/14/2018 11:43:00 AM,1.312,1.312,1.312,1.312,0
9/14/2018 11:42:00 AM,1.312,1.312,1.312,1.312,0
9/14/2018 11:41:00 AM,1.312,1.312,1.312,1.312,0
9/14/2018 11:40:00 AM,1.312,1.312,1.312,1.312,0
9/14/2018 11:39:00 AM,1.312,1.312,1.312,1.312,0
9/14/2018 11:38:00 AM,1.312,1.312,1.312,1.312,0
9/14/2018 11:37:00 AM,1.312,1.312,1.312,1.312,0
9/14/2018 11:36:00 AM,1.312,1.312,1.312,1.312,0
9/14/2018 11:35:00 AM,1.3117,1.312,1.3117,1.312,25
9/14/2018 11:34:00 AM,1.3117,1.3117,1.3117,1.3117,0
9/14/2018 11:33:00 AM,1.3117,1.3117,1.3117,1.3117,0
9/14/2018 11:32:00 AM,1.3117,1.3117,1.3117,1.3117,0
9/14/2018 11:31:00 AM,1.3117,1.3117,1.3117,1.3117,0
9/14/2018 11:30:00 AM,1.3118,1.3118,1.3116,1.3117,73
9/14/2018 11:29:00 AM,1.3118,1.3118,1.3118,1.3118,0
9/14/2018 11:28:00 AM,1.3118,1.3118,1.3118,1.3118,0
9/14/2018 11:27:00 AM,1.3118,1.3118,1.3118,1.3118,0
9/14/2018 11:26:00 AM,1.3118,1.3118,1.3118,1.3118,0
9/14/2018 11:25:00 AM,1.3118,1.3118,1.3118,1.3118,0
9/14/2018 11:24:00 AM,1.3118,1.3118,1.3118,1.3118,0
9/14/2018 11:23:00 AM,1.3118,1.3118,1.3118,1.3118,0
9/14/2018 11:22:00 AM,1.3118,1.3118,1.3118,1.3118,0
9/14/2018 11:21:00 AM,1.3118,1.3118,1.3118,1.3118,1
9/14/2018 11:20:00 AM,1.3118,1.3118,1.3118,1.3118,0
9/14/2018 11:19:00 AM,1.312,1.312,1.3118,1.3118,156
9/14/2018 11:18:00 AM,1.312,1.312,1.312,1.312,0
9/14/2018 11:17:00 AM,1.312,1.312,1.312,1.312,0
9/14/2018 11:16:00 AM,1.312,1.312,1.312,1.312,100
9/14/2018 11:15:00 AM,1.312,1.312,1.312,1.312,0
9/14/2018 11:14:00 AM,1.312,1.312,1.312,1.312,0
9/14/2018 11:13:00 AM,1.312,1.312,1.312,1.312,0
9/14/2018 11:12:00 AM,1.312,1.312,1.312,1.312,0
9/14/2018 11:11:00 AM,1.3122,1.3122,1.312,1.312,12
9/14/2018 11:10:00 AM,1.3122,1.3122,1.3122,1.3122,0
9/14/2018 11:09:00 AM,1.3121,1.3122,1.3121,1.3122,100
9/14/2018 11:08:00 AM,1.3129,1.3129,1.3121,1.3121,2
9/14/2018 11:07:00 AM,1.3129,1.3129,1.3129,1.3129,0
9/14/2018 11:06:00 AM,1.3129,1.3129,1.3129,1.3129,0
9/14/2018 11:05:00 AM,1.3129,1.3129,1.3129,1.3129,0
9/14/2018 11:04:00 AM,1.3129,1.3129,1.3129,1.3129,0
9/14/2018 11:03:00 AM,1.3129,1.3129,1.3129,1.3129,0
9/14/2018 11:02:00 AM,1.3129,1.3129,1.3129,1.3129,0
9/14/2018 11:01:00 AM,1.3129,1.3129,1.3129,1.3129,0
9/14/2018 11:00:00 AM,1.3128,1.3129,1.3128,1.3129,270
9/14/2018 10:59:00 AM,1.3128,1.3128,1.3128,1.3128,0
9/14/2018 10:58:00 AM,1.3128,1.3128,1.3128,1.3128,0
9/14/2018 10:57:00 AM,1.3128,1.3128,1.3128,1.3128,0
9/14/2018 10:56:00 AM,1.3128,1.3128,1.3128,1.3128,0
9/14/2018 10:55:00 AM,1.3128,1.3128,1.3128,1.3128,0
9/14/2018 10:54:00 AM,1.3128,1.3128,1.3128,1.3128,0
9/14/2018 10:53:00 AM,1.3128,1.3128,1.3128,1.3128,0
9/14/2018 10:52:00 AM,1.3128,1.3128,1.3128,1.3128,50
9/14/2018 10:51:00 AM,1.3127,1.3128,1.3126,1.3128,51
9/14/2018 10:50:00 AM,1.3127,1.3127,1.3127,1.3127,0
9/14/2018 10:49:00 AM,1.3127,1.3127,1.3127,1.3127,0
9/14/2018 10:48:00 AM,1.3127,1.3127,1.3127,1.3127,0
9/14/2018 10:47:00 AM,1.3127,1.3127,1.3127,1.3127,0
9/14/2018 10:46:00 AM,1.3127,1.3127,1.3127,1.3127,0
9/14/2018 10:45:00 AM,1.3127,1.3127,1.3127,1.3127,0
9/14/2018 10:44:00 AM,1.3127,1.3127,1.3127,1.3127,0
9/14/2018 10:43:00 AM,1.3127,1.3127,1.3127,1.3127,0
9/14/2018 10:42:00 AM,1.3127,1.3127,1.3127,1.3127,0
9/14/2018 10:41:00 AM,1.3127,1.3127,1.3127,1.3127,0
9/14/2018 10:40:00 AM,1.3127,1.3127,1.3127,1.3127,0
9/14/2018 10:39:00 AM,1.3127,1.3127,1.3127,1.3127,0
9/14/2018 10:38:00 AM,1.3125,1.3127,1.3125,1.3127,82
9/14/2018 10:37:00 AM,1.3125,1.3125,1.3125,1.3125,0
9/14/2018 10:36:00 AM,1.3125,1.3125,1.3125,1.3125,0
9/14/2018 10:35:00 AM,1.3124,1.3125,1.3124,1.3125,688
9/14/2018 10:34:00 AM,1.3124,1.3124,1.3124,1.3124,15
9/14/2018 10:33:00 AM,1.3124,1.3124,1.3124,1.3124,0
9/14/2018 10:32:00 AM,1.3124,1.3124,1.3124,1.3124,0
9/14/2018 10:31:00 AM,1.3124,1.3124,1.3124,1.3124,0
9/14/2018 10:30:00 AM,1.3124,1.3124,1.3124,1.3124,0
9/14/2018 10:29:00 AM,1.3124,1.3124,1.3124,1.3124,25
9/14/2018 10:28:00 AM,1.3124,1.3124,1.3124,1.3124,0
9/14/2018 10:27:00 AM,1.3124,1.3124,1.3124,1.3124,0
9/14/2018 10:26:00 AM,1.3124,1.3124,1.3124,1.3124,91
9/14/2018 10:25:00 AM,1.3124,1.3124,1.3124,1.3124,0
9/14/2018 10:24:00 AM,1.3124,1.3124,1.3124,1.3124,0
9/14/2018 10:23:00 AM,1.3121,1.3124,1.3121,1.3124,25
9/14/2018 10:22:00 AM,1.3121,1.3121,1.3121,1.3121,0
9/14/2018 10:21:00 AM,1.3121,1.3121,1.3121,1.3121,0
9/14/2018 10:20:00 AM,1.3121,1.3121,1.3121,1.3121,0
9/14/2018 10:19:00 AM,1.3121,1.3121,1.3121,1.3121,0
9/14/2018 10:18:00 AM,1.3122,1.3122,1.3121,1.3121,30
9/14/2018 10:17:00 AM,1.3122,1.3122,1.3122,1.3122,1
9/14/2018 10:16:00 AM,1.3121,1.3121,1.3121,1.3121,0
9/14/2018 10:15:00 AM,1.3121,1.3121,1.3121,1.3121,0
9/14/2018 10:14:00 AM,1.3121,1.3121,1.3121,1.3121,0
9/14/2018 10:13:00 AM,1.312,1.3121,1.312,1.3121,2
9/14/2018 10:12:00 AM,1.312,1.312,1.312,1.312,0
9/14/2018 10:11:00 AM,1.312,1.312,1.312,1.312,0
9/14/2018 10:10:00 AM,1.312,1.312,1.312,1.312,0
9/14/2018 10:09:00 AM,1.312,1.312,1.312,1.312,0
9/14/2018 10:08:00 AM,1.312,1.312,1.312,1.312,0
9/14/2018 10:07:00 AM,1.312,1.312,1.312,1.312,0
9/14/2018 10:06:00 AM,1.312,1.312,1.312,1.312,0
9/14/2018 10:05:00 AM,1.3117,1.312,1.3117,1.312,1
9/14/2018 10:04:00 AM,1.3117,1.3117,1.3117,1.3117,0
9/14/2018 10:03:00 AM,1.3117,1.3117,1.3117,1.3117,0
9/14/2018 10:02:00 AM,1.3117,1.3117,1.3117,1.3117,0
9/14/2018 10:01:00 AM,1.3117,1.3117,1.3117,1.3117,0
9/14/2018 10:00:00 AM,1.3117,1.3117,1.3117,1.3117,0
9/14/2018 9:59:00 AM,1.3117,1.3117,1.3117,1.3117,0
9/14/2018 9:58:00 AM,1.3117,1.3117,1.3117,1.3117,0
9/14/2018 9:57:00 AM,1.3117,1.3117,1.3117,1.3117,2
9/14/2018 9:56:00 AM,1.3117,1.3117,1.3117,1.3117,0
9/14/2018 9:55:00 AM,1.3117,1.3117,1.3117,1.3117,0
9/14/2018 9:54:00 AM,1.3117,1.3117,1.3117,1.3117,0
9/14/2018 9:53:00 AM,1.3117,1.3117,1.3117,1.3117,0
9/14/2018 9:52:00 AM,1.3117,1.3117,1.3117,1.3117,0
9/14/2018 9:51:00 AM,1.3117,1.3117,1.3117,1.3117,0
9/14/2018 9:50:00 AM,1.3117,1.3117,1.3117,1.3117,0
9/14/2018 9:49:00 AM,1.3116,1.3117,1.3116,1.3117,1
9/14/2018 9:48:00 AM,1.3116,1.3116,1.3116,1.3116,0
9/14/2018 9:47:00 AM,1.3116,1.3116,1.3116,1.3116,0
9/14/2018 9:46:00 AM,1.3116,1.3116,1.3116,1.3116,0
9/14/2018 9:45:00 AM,1.3116,1.3116,1.3116,1.3116,0
9/14/2018 9:44:00 AM,1.3124,1.3124,1.3116,1.3116,11
9/14/2018 9:43:00 AM,1.3124,1.3124,1.3124,1.3124,0
9/14/2018 9:42:00 AM,1.3124,1.3124,1.3124,1.3124,0
9/14/2018 9:41:00 AM,1.3124,1.3124,1.3124,1.3124,0
9/14/2018 9:40:00 AM,1.3124,1.3124,1.3124,1.3124,0
9/14/2018 9:39:00 AM,1.3124,1.3124,1.3124,1.3124,0
9/14/2018 9:38:00 AM,1.3124,1.3124,1.3124,1.3124,0
9/14/2018 9:37:00 AM,1.3124,1.3124,1.3124,1.3124,0
9/14/2018 9:36:00 AM,1.3124,1.3124,1.3124,1.3124,0
9/14/2018 9:35:00 AM,1.3121,1.3124,1.3121,1.3124,2
9/14/2018 9:34:00 AM,1.3121,1.3121,1.3121,1.3121,9
9/14/2018 9:33:00 AM,1.3122,1.3122,1.3121,1.3121,10
9/14/2018 9:32:00 AM,1.3122,1.3122,1.3122,1.3122,0
9/14/2018 9:31:00 AM,1.3122,1.3122,1.3122,1.3122,0
9/14/2018 9:30:00 AM,1.3122,1.3123,1.3122,1.3122,16
9/14/2018 9:29:00 AM,1.3122,1.3122,1.3122,1.3122,0
9/14/2018 9:28:00 AM,1.3122,1.3122,1.3122,1.3122,0
9/14/2018 9:27:00 AM,1.3122,1.3122,1.3122,1.3122,0
9/14/2018 9:26:00 AM,1.3122,1.3122,1.3122,1.3122,0
9/14/2018 9:25:00 AM,1.3122,1.3122,1.3122,1.3122,0
9/14/2018 9:24:00 AM,1.3122,1.3122,1.3122,1.3122,75
9/14/2018 9:23:00 AM,1.3122,1.3122,1.3122,1.3122,59
9/14/2018 9:22:00 AM,1.3122,1.3122,1.3122,1.3122,95
9/14/2018 9:21:00 AM,1.3122,1.3122,1.3122,1.3122,462
9/14/2018 9:20:00 AM,1.3121,1.3122,1.3121,1.3122,55
9/14/2018 9:19:00 AM,1.3122,1.3122,1.3121,1.3121,255
9/14/2018 9:18:00 AM,1.3122,1.3122,1.3122,1.3122,906
9/14/2018 9:17:00 AM,1.3123,1.3123,1.3122,1.3122,54
9/14/2018 9:16:00 AM,1.3123,1.3123,1.3123,1.3123,0
9/14/2018 9:15:00 AM,1.3123,1.3123,1.3123,1.3123,3
9/14/2018 9:14:00 AM,1.3124,1.3124,1.3123,1.3123,100
9/14/2018 9:13:00 AM,1.3124,1.3124,1.3123,1.3123,100
9/14/2018 9:12:00 AM,1.3124,1.3124,1.3123,1.3124,113
9/14/2018 9:11:00 AM,1.3124,1.3124,1.3124,1.3124,0
9/14/2018 9:10:00 AM,1.3123,1.3124,1.3123,1.3124,21
9/14/2018 9:09:00 AM,1.3125,1.3125,1.3123,1.3123,115
9/14/2018 9:08:00 AM,1.3126,1.3126,1.3124,1.3125,317
9/14/2018 9:07:00 AM,1.3124,1.3126,1.3123,1.3126,27
9/14/2018 9:06:00 AM,1.3124,1.3124,1.3124,1.3124,0
9/14/2018 9:05:00 AM,1.3122,1.3124,1.3122,1.3124,60
9/14/2018 9:04:00 AM,1.3125,1.3125,1.3122,1.3122,154
9/14/2018 9:03:00 AM,1.3122,1.3125,1.3122,1.3125,9
9/14/2018 9:02:00 AM,1.312,1.3122,1.312,1.3122,10
9/14/2018 9:01:00 AM,1.312,1.312,1.312,1.312,1
9/14/2018 9:00:00 AM,1.3116,1.312,1.3113,1.312,16
