Date,HCLTECH-EQ O,HCLTECH-EQ H,HCLTECH-EQ L,HCLTECH-EQ C,HCLTECH-EQ V
9/14/2018 3:29:00 PM,1071.05,1071.9,1070.25,1071.45,6115
9/14/2018 3:28:00 PM,1070.9,1071.5,1070.75,1071.05,2916
9/14/2018 3:27:00 PM,1070.65,1071.1,1070.4,1070.65,10993
9/14/2018 3:26:00 PM,1070.25,1071,1070.2,1070.65,8928
9/14/2018 3:25:00 PM,1070.85,1071.05,1070,1070.2,11042
9/14/2018 3:24:00 PM,1071.4,1072.15,1070.6,1070.8,18154
9/14/2018 3:23:00 PM,1071.15,1071.45,1071,1071.05,16036
9/14/2018 3:22:00 PM,1071.05,1071.7,1070.95,1071.1,8951
9/14/2018 3:21:00 PM,1070.65,1073.1,1070.65,1071,24548
9/14/2018 3:20:00 PM,1070.7,1071.45,1070.35,1070.7,13562
9/14/2018 3:19:00 PM,1070,1070.5,1070,1070.15,10198
9/14/2018 3:18:00 PM,1070.55,1070.55,1070,1070,10535
9/14/2018 3:17:00 PM,1070,1070.85,1070,1070.35,9999
9/14/2018 3:16:00 PM,1070,1070.8,1069.75,1070,16874
9/14/2018 3:15:00 PM,1070.1,1070.4,1069.95,1070,20273
9/14/2018 3:14:00 PM,1070.05,1070.15,1070,1070.1,9110
9/14/2018 3:13:00 PM,1070.15,1070.2,1070,1070.1,8509
9/14/2018 3:12:00 PM,1070,1071,1070,1070.2,10738
9/14/2018 3:11:00 PM,1071.2,1071.25,1070,1070,8600
9/14/2018 3:10:00 PM,1071,1071.65,1070.5,1071.2,9450
9/14/2018 3:09:00 PM,1070.6,1071,1070,1071,11305
9/14/2018 3:08:00 PM,1070.55,1071,1069.9,1070.55,8008
9/14/2018 3:07:00 PM,1070.35,1071,1069.95,1070.6,15218
9/14/2018 3:06:00 PM,1070.6,1071.85,1070.1,1070.35,13274
9/14/2018 3:05:00 PM,1070.95,1070.95,1070.25,1070.35,9989
9/14/2018 3:04:00 PM,1072.2,1072.25,1070.8,1071,10108
9/14/2018 3:03:00 PM,1072.65,1073,1071.65,1072.35,8787
9/14/2018 3:02:00 PM,1071.2,1072.65,1070.8,1072.65,9509
9/14/2018 3:01:00 PM,1072.7,1072.75,1071.05,1071.2,10082
9/14/2018 3:00:00 PM,1069.3,1073,1069.3,1072.6,12782
9/14/2018 2:59:00 PM,1069.45,1069.45,1069.3,1069.35,4099
9/14/2018 2:58:00 PM,1069.25,1069.45,1069.25,1069.45,1923
9/14/2018 2:57:00 PM,1069.7,1069.75,1069.2,1069.25,7635
9/14/2018 2:56:00 PM,1069.7,1069.75,1069.7,1069.7,4534
9/14/2018 2:55:00 PM,1069.85,1069.85,1069.7,1069.7,4953
9/14/2018 2:54:00 PM,1069.8,1070,1069.8,1069.85,2551
9/14/2018 2:53:00 PM,1069.4,1070,1069.3,1069.8,5693
9/14/2018 2:52:00 PM,1068.5,1070,1067.95,1069.4,98056
9/14/2018 2:51:00 PM,1069.05,1069.05,1068.5,1068.5,5164
9/14/2018 2:50:00 PM,1070,1070,1068.95,1068.95,4814
9/14/2018 2:49:00 PM,1069.45,1070,1069.05,1070,5252
9/14/2018 2:48:00 PM,1069.8,1069.8,1069,1069.45,5685
9/14/2018 2:47:00 PM,1068.6,1070,1068.6,1069.8,16155
9/14/2018 2:46:00 PM,1068.8,1068.8,1068.1,1068.6,9277
9/14/2018 2:45:00 PM,1067.8,1069.5,1067.8,1068.8,11738
9/14/2018 2:44:00 PM,1067.1,1067.9,1067.1,1067.8,5647
9/14/2018 2:43:00 PM,1066.55,1067.1,1066.5,1067.1,6013
9/14/2018 2:42:00 PM,1065.8,1066.75,1065.8,1066.55,17853
9/14/2018 2:41:00 PM,1065.7,1066.1,1065.7,1065.8,14356
9/14/2018 2:40:00 PM,1065.3,1066,1065.2,1065.75,5281
9/14/2018 2:39:00 PM,1065.9,1065.9,1065.3,1065.3,7166
9/14/2018 2:38:00 PM,1065.6,1066.15,1065.6,1065.9,7797
9/14/2018 2:37:00 PM,1067.1,1067.15,1065.6,1065.6,9817
9/14/2018 2:36:00 PM,1067.3,1067.7,1067.1,1067.1,9733
9/14/2018 2:35:00 PM,1067.35,1067.35,1067.15,1067.15,6424
9/14/2018 2:34:00 PM,1067.9,1067.9,1067.35,1067.35,6808
9/14/2018 2:33:00 PM,1067.55,1068,1067.5,1067.9,5387
9/14/2018 2:32:00 PM,1067.4,1067.6,1067.4,1067.5,5362
9/14/2018 2:31:00 PM,1068,1068,1067.4,1067.4,6812
9/14/2018 2:30:00 PM,1068.4,1068.45,1068.05,1068.05,7011
9/14/2018 2:29:00 PM,1068.05,1068.85,1068,1068.4,5952
9/14/2018 2:28:00 PM,1067.45,1068.2,1067.45,1068,6743
9/14/2018 2:27:00 PM,1067.85,1067.85,1067.45,1067.45,4175
9/14/2018 2:26:00 PM,1068.25,1068.25,1067.85,1067.85,4068
9/14/2018 2:25:00 PM,1067.95,1068.9,1067.95,1068.25,5577
9/14/2018 2:24:00 PM,1067.25,1068,1067.25,1067.95,5580
9/14/2018 2:23:00 PM,1067.15,1067.3,1067.15,1067.3,5115
9/14/2018 2:22:00 PM,1067.25,1067.35,1067.15,1067.15,7193
9/14/2018 2:21:00 PM,1067.5,1067.5,1067.25,1067.25,8433
9/14/2018 2:20:00 PM,1067.5,1067.55,1067.45,1067.45,4959
9/14/2018 2:19:00 PM,1067.55,1067.55,1067.5,1067.5,2922
9/14/2018 2:18:00 PM,1067.5,1067.55,1067.45,1067.55,6583
9/14/2018 2:17:00 PM,1068.35,1068.35,1067.5,1067.5,5318
9/14/2018 2:16:00 PM,1068.9,1068.9,1068.3,1068.3,5768
9/14/2018 2:15:00 PM,1067.1,1068.9,1067.1,1068.35,6539
9/14/2018 2:14:00 PM,1066.55,1067.15,1066.55,1067.1,4913
9/14/2018 2:13:00 PM,1066.5,1066.6,1066.4,1066.55,4339
9/14/2018 2:12:00 PM,1066.5,1066.5,1066.4,1066.4,6472
9/14/2018 2:11:00 PM,1066.55,1066.55,1066.45,1066.45,4065
9/14/2018 2:10:00 PM,1066.85,1066.85,1066.5,1066.5,4476
9/14/2018 2:09:00 PM,1066.4,1067,1066.4,1066.8,4707
9/14/2018 2:08:00 PM,1066.25,1066.4,1066.2,1066.35,3722
9/14/2018 2:07:00 PM,1065.8,1066.25,1065.8,1066.25,9878
9/14/2018 2:06:00 PM,1066,1066.8,1065.75,1065.8,131549
9/14/2018 2:05:00 PM,1065.65,1066.4,1065.65,1066,8048
9/14/2018 2:04:00 PM,1065.6,1065.7,1065.55,1065.65,4647
9/14/2018 2:03:00 PM,1065.35,1065.75,1065.35,1065.65,6310
9/14/2018 2:02:00 PM,1066.1,1066.15,1065.25,1065.25,9705
9/14/2018 2:01:00 PM,1066.25,1066.3,1066.1,1066.1,4619
9/14/2018 2:00:00 PM,1066.7,1066.75,1066.25,1066.3,4002
9/14/2018 1:59:00 PM,1067.2,1067.25,1066.7,1066.7,3973
9/14/2018 1:58:00 PM,1067.55,1067.6,1067.2,1067.2,3282
9/14/2018 1:57:00 PM,1067.6,1067.7,1067.55,1067.55,4096
9/14/2018 1:56:00 PM,1067.65,1067.65,1067.55,1067.6,4065
9/14/2018 1:55:00 PM,1067.75,1067.75,1067.6,1067.6,2867
9/14/2018 1:54:00 PM,1066.65,1067.8,1066.65,1067.75,3683
9/14/2018 1:53:00 PM,1066.85,1066.9,1066.65,1066.65,3401
9/14/2018 1:52:00 PM,1067.05,1067.05,1066.8,1066.85,3927
9/14/2018 1:51:00 PM,1067.6,1067.6,1067,1067.05,7088
9/14/2018 1:50:00 PM,1067.7,1067.7,1067.55,1067.55,5851
9/14/2018 1:49:00 PM,1067.35,1067.95,1067.35,1067.7,4555
9/14/2018 1:48:00 PM,1067.6,1067.65,1067.35,1067.4,4688
9/14/2018 1:47:00 PM,1068.05,1068.05,1067.6,1067.65,4807
9/14/2018 1:46:00 PM,1068.6,1068.65,1068.05,1068.05,4542
9/14/2018 1:45:00 PM,1069.55,1069.55,1068.75,1068.75,4327
9/14/2018 1:44:00 PM,1068.25,1069.15,1068.05,1069.15,7442
9/14/2018 1:43:00 PM,1068.55,1068.55,1068.2,1068.2,4341
9/14/2018 1:42:00 PM,1068.25,1068.55,1068.25,1068.5,5030
9/14/2018 1:41:00 PM,1069.35,1069.45,1068.25,1068.25,6678
9/14/2018 1:40:00 PM,1069.65,1069.7,1069.4,1069.4,5271
9/14/2018 1:39:00 PM,1069.75,1069.75,1069.65,1069.65,4127
9/14/2018 1:38:00 PM,1069.8,1069.8,1069.7,1069.7,3848
9/14/2018 1:37:00 PM,1069.8,1069.8,1069.75,1069.75,3511
9/14/2018 1:36:00 PM,1069.75,1069.8,1069.7,1069.75,3311
9/14/2018 1:35:00 PM,1069.75,1069.8,1069.7,1069.7,3549
9/14/2018 1:34:00 PM,1069.85,1069.85,1069.75,1069.75,3145
9/14/2018 1:33:00 PM,1069.8,1069.9,1069.8,1069.8,3334
9/14/2018 1:32:00 PM,1069.8,1069.85,1069.75,1069.8,3395
9/14/2018 1:31:00 PM,1069.85,1069.85,1069.7,1069.75,3050
9/14/2018 1:30:00 PM,1069.7,1069.9,1069.7,1069.7,3730
9/14/2018 1:29:00 PM,1069.5,1069.75,1069.4,1069.7,4403
9/14/2018 1:28:00 PM,1068.2,1069.65,1068.1,1069.5,5243
9/14/2018 1:27:00 PM,1069.5,1069.5,1068.1,1068.1,9064
9/14/2018 1:26:00 PM,1070.05,1070.05,1069.45,1069.45,5719
9/14/2018 1:25:00 PM,1070,1070.05,1069.95,1070,4761
9/14/2018 1:24:00 PM,1070.05,1070.5,1070,1070,6890
9/14/2018 1:23:00 PM,1070.05,1070.05,1070,1070,3334
9/14/2018 1:22:00 PM,1070,1070.1,1070,1070.05,4029
9/14/2018 1:21:00 PM,1070,1070.05,1069.95,1070.05,5274
9/14/2018 1:20:00 PM,1070.05,1070.1,1070,1070,4530
9/14/2018 1:19:00 PM,1070.1,1070.1,1069.95,1070,6028
9/14/2018 1:18:00 PM,1069.45,1070.1,1069.4,1070,9113
9/14/2018 1:17:00 PM,1069.85,1069.85,1069.4,1069.4,4230
9/14/2018 1:16:00 PM,1069.05,1069.45,1068.15,1069.4,9205
9/14/2018 1:15:00 PM,1069.3,1069.35,1068.8,1069,7981
9/14/2018 1:14:00 PM,1069.2,1069.6,1068.05,1069.3,310679
9/14/2018 1:13:00 PM,1069.9,1070,1069.35,1069.35,9301
9/14/2018 1:12:00 PM,1068.2,1070.25,1068.15,1069.9,10452
9/14/2018 1:11:00 PM,1067.95,1068.2,1067.75,1068.15,4789
9/14/2018 1:10:00 PM,1067.6,1067.85,1067.05,1067.75,11286
9/14/2018 1:09:00 PM,1067.1,1068.2,1066.6,1067.75,7573
9/14/2018 1:08:00 PM,1067.95,1068.05,1067.1,1067.1,9456
9/14/2018 1:07:00 PM,1067.85,1068,1067.05,1067.85,7168
9/14/2018 1:06:00 PM,1067.85,1068.45,1067.5,1067.65,13036
9/14/2018 1:05:00 PM,1067.95,1068,1067.5,1067.85,6827
9/14/2018 1:04:00 PM,1067.85,1068,1066.75,1067.35,7791
9/14/2018 1:03:00 PM,1069.5,1069.55,1067.1,1067.6,18294
9/14/2018 1:02:00 PM,1070,1070,1069,1069.55,7427
9/14/2018 1:01:00 PM,1069.2,1070,1069,1070,3828
9/14/2018 1:00:00 PM,1069.7,1070,1069,1069.2,6545
9/14/2018 12:59:00 PM,1068.65,1069.9,1068,1069.7,8021
9/14/2018 12:58:00 PM,1067.9,1068.8,1067.75,1068.65,3963
9/14/2018 12:57:00 PM,1070.15,1070.15,1067.9,1067.95,30920
9/14/2018 12:56:00 PM,1070.35,1070.9,1070.2,1070.55,8344
9/14/2018 12:55:00 PM,1071.55,1071.55,1070.35,1070.8,6902
9/14/2018 12:54:00 PM,1070.9,1071.8,1070.65,1071.5,2487
9/14/2018 12:53:00 PM,1070.95,1071,1070.65,1070.9,4073
9/14/2018 12:52:00 PM,1071,1071,1070.95,1070.95,1194
9/14/2018 12:51:00 PM,1071.55,1071.55,1070.75,1070.95,3373
9/14/2018 12:50:00 PM,1070.75,1071.8,1070.65,1071.55,3385
9/14/2018 12:49:00 PM,1071.55,1071.55,1070.7,1070.7,4139
9/14/2018 12:48:00 PM,1071.7,1071.7,1071.55,1071.55,1983
9/14/2018 12:47:00 PM,1070.75,1072,1070.65,1071.8,3733
9/14/2018 12:46:00 PM,1070.6,1070.75,1070.3,1070.65,3575
9/14/2018 12:45:00 PM,1070.65,1070.7,1070.55,1070.55,2529
9/14/2018 12:44:00 PM,1070.8,1070.8,1070.65,1070.7,2835
9/14/2018 12:43:00 PM,1070.5,1071.1,1070.4,1070.75,2330
9/14/2018 12:42:00 PM,1070.5,1070.5,1070.3,1070.5,3963
9/14/2018 12:41:00 PM,1071.3,1071.3,1070.4,1070.5,6655
9/14/2018 12:40:00 PM,1072.55,1072.55,1071.2,1071.2,4583
9/14/2018 12:39:00 PM,1072.5,1072.55,1072.5,1072.5,1373
9/14/2018 12:38:00 PM,1072.55,1072.55,1072.45,1072.5,1790
9/14/2018 12:37:00 PM,1071.5,1072.9,1071.4,1072.5,2951
9/14/2018 12:36:00 PM,1071.6,1071.6,1071.3,1071.5,2984
9/14/2018 12:35:00 PM,1071.35,1072,1071.35,1071.55,2985
9/14/2018 12:34:00 PM,1071.05,1071.5,1071,1071.35,5108
9/14/2018 12:33:00 PM,1071.2,1071.25,1071.1,1071.15,2520
9/14/2018 12:32:00 PM,1071.3,1071.6,1071,1071.2,5155
9/14/2018 12:31:00 PM,1072.4,1072.4,1071.5,1071.5,3218
9/14/2018 12:30:00 PM,1072.5,1072.65,1072.35,1072.35,2657
9/14/2018 12:29:00 PM,1072.55,1072.55,1072.45,1072.45,2088
9/14/2018 12:28:00 PM,1072.55,1072.55,1072.5,1072.5,1646
9/14/2018 12:27:00 PM,1072.4,1072.55,1072.4,1072.5,2136
9/14/2018 12:26:00 PM,1072.45,1072.45,1072.35,1072.35,2085
9/14/2018 12:25:00 PM,1072.55,1072.55,1072.3,1072.45,2408
9/14/2018 12:24:00 PM,1072.9,1073.3,1071.05,1072.55,7316
9/14/2018 12:23:00 PM,1073.05,1073.15,1072.05,1072.55,4665
9/14/2018 12:22:00 PM,1073.65,1073.9,1073,1073.05,2711
9/14/2018 12:21:00 PM,1072.8,1074,1072.8,1073.6,4293
9/14/2018 12:20:00 PM,1072.9,1072.95,1072.8,1072.8,1676
9/14/2018 12:19:00 PM,1073.9,1074,1072.9,1072.95,4055
9/14/2018 12:18:00 PM,1072.45,1073.75,1072.2,1073.75,3367
9/14/2018 12:17:00 PM,1072.35,1072.45,1072,1072.2,5780
9/14/2018 12:16:00 PM,1073.4,1073.45,1072,1072.3,8666
9/14/2018 12:15:00 PM,1073.9,1073.95,1073.4,1073.4,4968
9/14/2018 12:14:00 PM,1073.65,1074.8,1073.65,1073.9,2477
9/14/2018 12:13:00 PM,1073.8,1073.8,1073.5,1073.6,3480
9/14/2018 12:12:00 PM,1074.05,1074.05,1073.6,1073.8,2633
9/14/2018 12:11:00 PM,1074.35,1074.9,1074,1074,4409
9/14/2018 12:10:00 PM,1074.4,1074.45,1074.35,1074.35,2239
9/14/2018 12:09:00 PM,1074.9,1074.9,1074.4,1074.4,2441
9/14/2018 12:08:00 PM,1074.95,1074.95,1074.85,1074.85,2296
9/14/2018 12:07:00 PM,1074.75,1074.95,1074.75,1074.9,1628
9/14/2018 12:06:00 PM,1074.85,1074.85,1074.75,1074.75,2334
9/14/2018 12:05:00 PM,1074.1,1075,1074.05,1074.8,1766
9/14/2018 12:04:00 PM,1074,1074.2,1074,1074.1,3995
9/14/2018 12:03:00 PM,1074.15,1074.15,1074,1074,2328
9/14/2018 12:02:00 PM,1075,1075,1074.15,1074.15,2184
9/14/2018 12:01:00 PM,1075.05,1075.05,1074.95,1074.95,2920
9/14/2018 12:00:00 PM,1074.85,1075.45,1074.85,1075,1943
9/14/2018 11:59:00 AM,1074,1074.5,1074,1074.5,3522
9/14/2018 11:58:00 AM,1074.9,1074.9,1074,1074.05,2782
9/14/2018 11:57:00 AM,1075.6,1075.65,1074.9,1074.9,2552
9/14/2018 11:56:00 AM,1075.25,1075.7,1075.25,1075.6,1563
9/14/2018 11:55:00 AM,1074,1075.8,1074,1075.8,3137
9/14/2018 11:54:00 AM,1074.95,1074.95,1074,1074.1,7103
9/14/2018 11:53:00 AM,1074.65,1075.15,1074.65,1075,3137
9/14/2018 11:52:00 AM,1074.3,1075.2,1074.2,1074.65,3130
9/14/2018 11:51:00 AM,1074.35,1074.35,1074.25,1074.25,1713
9/14/2018 11:50:00 AM,1074.35,1074.35,1074.25,1074.3,2106
9/14/2018 11:49:00 AM,1074.2,1074.35,1074.2,1074.3,2606
9/14/2018 11:48:00 AM,1074.45,1074.65,1074.2,1074.2,1980
9/14/2018 11:47:00 AM,1075.1,1075.1,1074.05,1074.45,6151
9/14/2018 11:46:00 AM,1076.25,1076.3,1075.05,1075.15,4011
9/14/2018 11:45:00 AM,1077.1,1077.45,1076,1076.3,4810
9/14/2018 11:44:00 AM,1077,1077.35,1076.95,1077.1,1881
9/14/2018 11:43:00 AM,1076.5,1077.15,1076.45,1077.15,2499
9/14/2018 11:42:00 AM,1076.5,1076.5,1076.45,1076.45,951
9/14/2018 11:41:00 AM,1076.4,1076.55,1076.3,1076.5,2496
9/14/2018 11:40:00 AM,1076,1076.65,1076,1076.45,3528
9/14/2018 11:39:00 AM,1076.25,1076.9,1076,1076,4592
9/14/2018 11:38:00 AM,1076.35,1076.4,1076.25,1076.25,2675
9/14/2018 11:37:00 AM,1077.9,1077.9,1076.15,1076.3,5310
9/14/2018 11:36:00 AM,1077.85,1077.9,1077.85,1077.85,1894
9/14/2018 11:35:00 AM,1077.9,1077.9,1077.85,1077.85,2023
9/14/2018 11:34:00 AM,1077.15,1077.95,1077.15,1077.9,1956
9/14/2018 11:33:00 AM,1076.95,1077.3,1076.9,1077.15,1838
9/14/2018 11:32:00 AM,1077.2,1077.25,1076.8,1076.95,4697
9/14/2018 11:31:00 AM,1078.8,1078.8,1077.2,1077.2,3036
9/14/2018 11:30:00 AM,1078.75,1078.8,1078.75,1078.75,1426
9/14/2018 11:29:00 AM,1078.75,1078.8,1078.75,1078.75,2087
9/14/2018 11:28:00 AM,1076.65,1078.8,1076.55,1078.75,4854
9/14/2018 11:27:00 AM,1078.9,1078.9,1076.3,1076.65,5927
9/14/2018 11:26:00 AM,1080.65,1080.7,1079,1079,4748
9/14/2018 11:25:00 AM,1080.65,1080.8,1080.65,1080.65,2071
9/14/2018 11:24:00 AM,1080.65,1080.7,1080.65,1080.65,2605
9/14/2018 11:23:00 AM,1080.75,1080.8,1080.65,1080.65,1335
9/14/2018 11:22:00 AM,1079.4,1080.9,1079.4,1080.8,3283
9/14/2018 11:21:00 AM,1081.25,1081.25,1079.4,1079.4,4546
9/14/2018 11:20:00 AM,1083,1083.05,1081.25,1081.25,2522
9/14/2018 11:19:00 AM,1082.5,1083.25,1082.45,1083,4085
9/14/2018 11:18:00 AM,1081.15,1082.65,1081.15,1082.45,2406
9/14/2018 11:17:00 AM,1080.3,1081.6,1080.2,1081.6,5367
9/14/2018 11:16:00 AM,1080.7,1080.7,1079.15,1080.35,5785
9/14/2018 11:15:00 AM,1082.8,1082.95,1080.65,1080.7,7587
9/14/2018 11:14:00 AM,1084.35,1084.85,1082.75,1082.8,5243
9/14/2018 11:13:00 AM,1086.1,1086.1,1084.3,1084.3,7731
9/14/2018 11:12:00 AM,1087.65,1087.85,1086.1,1086.1,9959
9/14/2018 11:11:00 AM,1087.8,1088.45,1085.7,1087.65,12099
9/14/2018 11:10:00 AM,1086,1088.4,1086,1087.8,15177
9/14/2018 11:09:00 AM,1085.45,1087,1084.75,1086.35,11906
9/14/2018 11:08:00 AM,1083.55,1085,1083.55,1085,14200
9/14/2018 11:07:00 AM,1082.95,1083.5,1082.65,1083.5,8290
9/14/2018 11:06:00 AM,1082.7,1083,1082.5,1082.75,306030
9/14/2018 11:05:00 AM,1082.7,1082.75,1082.7,1082.7,1607
9/14/2018 11:04:00 AM,1082.5,1082.75,1082.4,1082.7,4610
9/14/2018 11:03:00 AM,1082.45,1082.8,1082,1082.65,5188
9/14/2018 11:02:00 AM,1082.7,1082.9,1082.4,1082.5,10597
9/14/2018 11:01:00 AM,1082.7,1082.7,1082.6,1082.7,1959
9/14/2018 11:00:00 AM,1082.5,1082.75,1082.2,1082.7,3020
9/14/2018 10:59:00 AM,1081.6,1082,1081.3,1082,6052
9/14/2018 10:58:00 AM,1081.25,1081.65,1081.25,1081.55,4710
9/14/2018 10:57:00 AM,1081,1081.35,1081,1081.25,3792
9/14/2018 10:56:00 AM,1081.45,1081.45,1081,1081,4571
9/14/2018 10:55:00 AM,1080.95,1081.5,1080.85,1081.4,2586
9/14/2018 10:54:00 AM,1080.85,1080.95,1080.5,1080.95,5930
9/14/2018 10:53:00 AM,1081,1081.1,1080.85,1080.85,2851
9/14/2018 10:52:00 AM,1080.25,1081.1,1080.25,1081,3818
9/14/2018 10:51:00 AM,1082.25,1082.25,1080.25,1080.25,3064
9/14/2018 10:50:00 AM,1082.9,1083.6,1082.25,1082.3,5236
9/14/2018 10:49:00 AM,1083.8,1084,1082.9,1082.9,11835
9/14/2018 10:48:00 AM,1082,1083.3,1081.75,1083.3,8564
9/14/2018 10:47:00 AM,1081.2,1082.1,1081,1082,6450
9/14/2018 10:46:00 AM,1079.85,1081.25,1079.85,1081.2,154186
9/14/2018 10:45:00 AM,1081.7,1081.7,1079.8,1079.8,3947
9/14/2018 10:44:00 AM,1081.25,1081.8,1081.05,1081.7,4957
9/14/2018 10:43:00 AM,1080.55,1081.45,1080.55,1081.45,4819
9/14/2018 10:42:00 AM,1080.8,1080.8,1080.4,1080.5,2819
9/14/2018 10:41:00 AM,1080,1080.65,1079.95,1080.4,6647
9/14/2018 10:40:00 AM,1079.6,1080,1079.6,1080,10978
9/14/2018 10:39:00 AM,1079.65,1079.65,1079.6,1079.6,2396
9/14/2018 10:38:00 AM,1078.8,1079.9,1078.8,1079.7,9098
9/14/2018 10:37:00 AM,1078.4,1079.4,1077.5,1079,9914
9/14/2018 10:36:00 AM,1077.05,1078.85,1076.5,1078.55,10165
9/14/2018 10:35:00 AM,1076.5,1078,1076.5,1077.2,6459
9/14/2018 10:34:00 AM,1076.5,1078,1076.5,1076.6,9258
9/14/2018 10:33:00 AM,1076.5,1078,1076.5,1076.5,9479
9/14/2018 10:32:00 AM,1077.3,1077.3,1076.4,1076.6,6603
9/14/2018 10:31:00 AM,1077,1077.4,1077,1077.3,2100
9/14/2018 10:30:00 AM,1077.05,1077.05,1077,1077,3005
9/14/2018 10:29:00 AM,1077.35,1077.35,1077,1077,5892
9/14/2018 10:28:00 AM,1076.5,1077.7,1076.45,1077.35,8947
9/14/2018 10:27:00 AM,1076,1076.7,1076,1076.5,2934
9/14/2018 10:26:00 AM,1078.15,1078.15,1076,1076,9037
9/14/2018 10:25:00 AM,1078.05,1078.3,1078,1078.1,2341
9/14/2018 10:24:00 AM,1078.15,1078.95,1078,1078,6827
9/14/2018 10:23:00 AM,1076.05,1078.65,1075.6,1078.1,10926
9/14/2018 10:22:00 AM,1076.95,1077.9,1076.05,1076.05,54480
9/14/2018 10:21:00 AM,1075.1,1077,1075.05,1077,7298
9/14/2018 10:20:00 AM,1074.55,1075.15,1074.55,1075.05,3526
9/14/2018 10:19:00 AM,1074,1074.55,1073.95,1074.55,4869
9/14/2018 10:18:00 AM,1074.4,1074.4,1074,1074,10674
9/14/2018 10:17:00 AM,1074.35,1074.4,1074.35,1074.35,1591
9/14/2018 10:16:00 AM,1074.05,1074.5,1074,1074.35,4672
9/14/2018 10:15:00 AM,1074.9,1074.95,1074,1074.05,5118
9/14/2018 10:14:00 AM,1074.2,1075.15,1074.2,1074.95,3710
9/14/2018 10:13:00 AM,1074.35,1074.4,1074.2,1074.25,3262
9/14/2018 10:12:00 AM,1074.25,1074.55,1074.15,1074.4,5092
9/14/2018 10:11:00 AM,1074.75,1074.75,1074.2,1074.2,1708
9/14/2018 10:10:00 AM,1075.2,1075.8,1074.75,1074.75,6528
9/14/2018 10:09:00 AM,1075.25,1075.25,1075.2,1075.2,2876
9/14/2018 10:08:00 AM,1074.25,1075.35,1074.25,1075.25,3246
9/14/2018 10:07:00 AM,1074.3,1074.35,1074.25,1074.25,4153
9/14/2018 10:06:00 AM,1074.3,1074.35,1074.3,1074.3,1333
9/14/2018 10:05:00 AM,1074.45,1075.5,1073.8,1074.35,4986
9/14/2018 10:04:00 AM,1074.75,1074.75,1073.3,1074.05,7876
9/14/2018 10:03:00 AM,1076.05,1076.05,1075,1075,7014
9/14/2018 10:02:00 AM,1076.05,1076.1,1076.05,1076.05,2410
9/14/2018 10:01:00 AM,1076.25,1076.25,1075.95,1076.1,8604
9/14/2018 10:00:00 AM,1076.15,1076.5,1076.15,1076.25,3126
9/14/2018 9:59:00 AM,1076,1076.05,1076,1076.05,9274
9/14/2018 9:58:00 AM,1076,1076.3,1076,1076,4705
9/14/2018 9:57:00 AM,1076.05,1076.3,1075.7,1076,6055
9/14/2018 9:56:00 AM,1075.05,1076.6,1075.05,1076.15,4817
9/14/2018 9:55:00 AM,1075,1075.35,1075,1075.05,4611
9/14/2018 9:54:00 AM,1074.25,1075.35,1074.2,1075,8870
9/14/2018 9:53:00 AM,1074.2,1074.5,1074.15,1074.25,4052
9/14/2018 9:52:00 AM,1073.3,1074.25,1073,1074.2,4943
9/14/2018 9:51:00 AM,1074.7,1074.95,1073.25,1073.25,3530
9/14/2018 9:50:00 AM,1073.9,1075,1073.85,1074.7,4887
9/14/2018 9:49:00 AM,1075.6,1075.65,1073.65,1074,7400
9/14/2018 9:48:00 AM,1075.8,1076,1075.6,1075.6,4140
9/14/2018 9:47:00 AM,1075.15,1075.95,1075,1075.8,3156
9/14/2018 9:46:00 AM,1075.55,1076.6,1075.2,1075.2,9568
9/14/2018 9:45:00 AM,1073.6,1075.85,1073.55,1075.6,6695
9/14/2018 9:44:00 AM,1074.7,1074.8,1073.55,1073.6,6184
9/14/2018 9:43:00 AM,1074.5,1075,1074.45,1074.7,7065
9/14/2018 9:42:00 AM,1073,1074.45,1073,1074.45,8879
9/14/2018 9:41:00 AM,1073,1073.05,1073,1073.05,3733
9/14/2018 9:40:00 AM,1071.35,1073.5,1071.35,1073.05,8244
9/14/2018 9:39:00 AM,1071.45,1071.75,1071,1071.45,8374
9/14/2018 9:38:00 AM,1073.35,1073.45,1070.5,1071.45,11953
9/14/2018 9:37:00 AM,1072.65,1074.45,1072.65,1073.35,4737
9/14/2018 9:36:00 AM,1070.1,1072.9,1070.1,1072.65,5480
9/14/2018 9:35:00 AM,1070.05,1070.45,1070.05,1070.2,3647
9/14/2018 9:34:00 AM,1070.45,1070.45,1070,1070.05,7204
9/14/2018 9:33:00 AM,1070.9,1071,1070.5,1070.5,7798
9/14/2018 9:32:00 AM,1070.75,1071.95,1070.55,1071.05,8108
9/14/2018 9:31:00 AM,1070.2,1070.7,1069.7,1070.7,15294
9/14/2018 9:30:00 AM,1072.3,1072.35,1070.1,1070.2,8457
9/14/2018 9:29:00 AM,1075,1075,1072.35,1072.35,5222
9/14/2018 9:28:00 AM,1076.1,1076.6,1075,1075,9399
9/14/2018 9:27:00 AM,1076.1,1076.15,1075.95,1076.15,6338
9/14/2018 9:26:00 AM,1077.6,1079.5,1076.1,1076.1,24798
9/14/2018 9:25:00 AM,1074.85,1077.65,1074.85,1077.6,21159
9/14/2018 9:24:00 AM,1074,1075.3,1074,1074.75,16783
9/14/2018 9:23:00 AM,1076.05,1076.75,1074.05,1074.05,25553
9/14/2018 9:22:00 AM,1074.55,1076.75,1074.55,1076.05,25719
9/14/2018 9:21:00 AM,1071.55,1074.65,1071.5,1074.55,28257
9/14/2018 9:20:00 AM,1069.05,1071.55,1068.95,1071.5,28738
9/14/2018 9:19:00 AM,1071.3,1071.7,1069,1069.05,39617
9/14/2018 9:18:00 AM,1072.2,1073.45,1070,1071.3,46663
9/14/2018 9:17:00 AM,1070.1,1075.8,1069.5,1071,47632
9/14/2018 9:16:00 AM,1071.1,1072.1,1069.95,1070.1,54443
9/14/2018 9:15:00 AM,1086.8,1086.85,1071.1,1071.75,118050
