Date,Nifty Bank O,Nifty Bank H,Nifty Bank L,Nifty Bank C,Nifty Bank V
9/10/2018 3:29:00 PM,27202.85,27213.6,27199.8,27209.25,0
9/10/2018 3:28:00 PM,27185.9,27206.55,27184.8,27206.55,0
9/10/2018 3:27:00 PM,27173.1,27193.1,27173.05,27184.85,0
9/10/2018 3:26:00 PM,27178.95,27181.1,27169.65,27172.3,0
9/10/2018 3:25:00 PM,27185.9,27192.2,27175.1,27178.8,0
9/10/2018 3:24:00 PM,27192.3,27192.55,27178.8,27183.35,0
9/10/2018 3:23:00 PM,27208.05,27210.3,27186.1,27191.35,0
9/10/2018 3:22:00 PM,27204.15,27209.95,27196.4,27205.1,0
9/10/2018 3:21:00 PM,27206.15,27206.15,27190.2,27206.05,0
9/10/2018 3:20:00 PM,27206.8,27209.65,27194.25,27205.5,0
9/10/2018 3:19:00 PM,27198.55,27207.45,27198.5,27206.2,0
9/10/2018 3:18:00 PM,27204.2,27210.95,27200.85,27204.6,0
9/10/2018 3:17:00 PM,27202.6,27206.1,27198.6,27203.75,0
9/10/2018 3:16:00 PM,27213.65,27213.65,27198.25,27201.55,0
9/10/2018 3:15:00 PM,27209.75,27219.45,27208,27210.35,0
9/10/2018 3:14:00 PM,27209.2,27213.9,27207.2,27209.1,0
9/10/2018 3:13:00 PM,27207.9,27213.15,27201.65,27209,0
9/10/2018 3:12:00 PM,27214.55,27214.55,27197.3,27205.25,0
9/10/2018 3:11:00 PM,27208.95,27217.15,27207.6,27214.75,0
9/10/2018 3:10:00 PM,27202.2,27216.75,27202.2,27207.95,0
9/10/2018 3:09:00 PM,27212.45,27217.55,27195.6,27205.2,0
9/10/2018 3:08:00 PM,27217.35,27219.2,27211.7,27213.75,0
9/10/2018 3:07:00 PM,27226.8,27227.75,27216.85,27216.85,0
9/10/2018 3:06:00 PM,27220.2,27226.75,27215.95,27223.3,0
9/10/2018 3:05:00 PM,27215.05,27230.9,27211.85,27223.25,0
9/10/2018 3:04:00 PM,27218.25,27222.25,27212.85,27214,0
9/10/2018 3:03:00 PM,27214.9,27223.8,27212.35,27222.3,0
9/10/2018 3:02:00 PM,27218.6,27231.05,27213.65,27215.1,0
9/10/2018 3:01:00 PM,27221.45,27221.45,27208.05,27219.1,0
9/10/2018 3:00:00 PM,27234,27237.75,27216.6,27220.8,0
9/10/2018 2:59:00 PM,27224.35,27238.1,27224.35,27234.6,0
9/10/2018 2:58:00 PM,27215.4,27227.85,27212.8,27225.95,0
9/10/2018 2:57:00 PM,27208.1,27220.85,27208,27214.55,0
9/10/2018 2:56:00 PM,27200.4,27212.2,27200.4,27209.35,0
9/10/2018 2:55:00 PM,27211.8,27214.45,27199.15,27204.9,0
9/10/2018 2:54:00 PM,27213.2,27213.95,27200.7,27212,0
9/10/2018 2:53:00 PM,27188.5,27211.9,27182.6,27211.5,0
9/10/2018 2:52:00 PM,27210.7,27212.95,27182.85,27184.4,0
9/10/2018 2:51:00 PM,27228.8,27228.8,27198.25,27211.15,0
9/10/2018 2:50:00 PM,27222.1,27235.1,27222.1,27229.15,0
9/10/2018 2:49:00 PM,27233.7,27240.05,27222.3,27225.7,0
9/10/2018 2:48:00 PM,27241.1,27241.3,27225.65,27233.5,0
9/10/2018 2:47:00 PM,27242,27248.85,27237.4,27238.1,0
9/10/2018 2:46:00 PM,27233.35,27245.9,27233.35,27241.9,0
9/10/2018 2:45:00 PM,27221.05,27239.35,27219.55,27234.75,0
9/10/2018 2:44:00 PM,27219.05,27221.4,27210.8,27221.4,0
9/10/2018 2:43:00 PM,27222.8,27224.9,27215.9,27218.85,0
9/10/2018 2:42:00 PM,27224.85,27232.5,27219.8,27221.1,0
9/10/2018 2:41:00 PM,27213.45,27223.25,27212.8,27223.25,0
9/10/2018 2:40:00 PM,27215.25,27215.85,27206.45,27213.5,0
9/10/2018 2:39:00 PM,27228.65,27230.15,27212.75,27214.55,0
9/10/2018 2:38:00 PM,27225.75,27233.55,27225.75,27229.2,0
9/10/2018 2:37:00 PM,27211.25,27228.6,27211.25,27227.7,0
9/10/2018 2:36:00 PM,27222.35,27222.35,27204.65,27209.6,0
9/10/2018 2:35:00 PM,27236.25,27237.85,27219.1,27222.85,0
9/10/2018 2:34:00 PM,27220.1,27240.15,27220.1,27234.9,0
9/10/2018 2:33:00 PM,27196.15,27221.7,27196.15,27219.3,0
9/10/2018 2:32:00 PM,27178.25,27197.65,27176.1,27194.7,0
9/10/2018 2:31:00 PM,27173.2,27180.75,27162.95,27177.45,0
9/10/2018 2:30:00 PM,27168.15,27177.1,27166.2,27168.35,0
9/10/2018 2:29:00 PM,27181,27185.35,27166.9,27169.3,0
9/10/2018 2:28:00 PM,27193.25,27197.35,27178.1,27181.95,0
9/10/2018 2:27:00 PM,27201.55,27201.85,27189.15,27194.2,0
9/10/2018 2:26:00 PM,27197.45,27212.35,27197.45,27201.35,0
9/10/2018 2:25:00 PM,27196.3,27200.15,27184.85,27195.45,0
9/10/2018 2:24:00 PM,27210.45,27213.8,27193.5,27196.1,0
9/10/2018 2:23:00 PM,27221.1,27221.85,27208.1,27210.4,0
9/10/2018 2:22:00 PM,27223.15,27227.45,27219.3,27221.55,0
9/10/2018 2:21:00 PM,27228.9,27228.9,27218.25,27218.5,0
9/10/2018 2:20:00 PM,27216,27234.85,27215.8,27226.75,0
9/10/2018 2:19:00 PM,27222.1,27227.35,27216.65,27217.2,0
9/10/2018 2:18:00 PM,27220.95,27227.1,27217.75,27220.2,0
9/10/2018 2:17:00 PM,27218.6,27226.45,27216.65,27219.45,0
9/10/2018 2:16:00 PM,27224.25,27225.75,27216.4,27217.8,0
9/10/2018 2:15:00 PM,27232.9,27237.25,27225,27225,0
9/10/2018 2:14:00 PM,27235.35,27237.65,27228.7,27232.1,0
9/10/2018 2:13:00 PM,27243.65,27247.4,27231.7,27233.55,0
9/10/2018 2:12:00 PM,27234.1,27249.2,27233.3,27245,0
9/10/2018 2:11:00 PM,27236.25,27238.8,27231.9,27232.75,0
9/10/2018 2:10:00 PM,27223.25,27239.65,27222.95,27235.55,0
9/10/2018 2:09:00 PM,27222.65,27226.45,27215.75,27222.7,0
9/10/2018 2:08:00 PM,27223.3,27227.9,27217.35,27223.6,0
9/10/2018 2:07:00 PM,27229.4,27230.1,27222.8,27225.65,0
9/10/2018 2:06:00 PM,27239.05,27244.85,27226.55,27231.3,0
9/10/2018 2:05:00 PM,27236.3,27240.95,27234.8,27239.6,0
9/10/2018 2:04:00 PM,27256.5,27260.3,27234.3,27235.6,0
9/10/2018 2:03:00 PM,27259.75,27262.55,27255.35,27257.25,0
9/10/2018 2:02:00 PM,27255.4,27264.55,27253.15,27260.75,0
9/10/2018 2:01:00 PM,27274.15,27280.35,27254.7,27255.3,0
9/10/2018 2:00:00 PM,27255.55,27274.05,27255.55,27273.35,0
9/10/2018 1:59:00 PM,27251.25,27257.7,27244.6,27256.9,0
9/10/2018 1:58:00 PM,27268.4,27271.3,27250.7,27252.75,0
9/10/2018 1:57:00 PM,27282.7,27290.45,27266.15,27269.3,0
9/10/2018 1:56:00 PM,27264.55,27285.5,27260.7,27282.6,0
9/10/2018 1:55:00 PM,27254.85,27264.45,27254.2,27264.45,0
9/10/2018 1:54:00 PM,27252.95,27262.9,27250.9,27256.1,0
9/10/2018 1:53:00 PM,27245.2,27262,27245.2,27254.75,0
9/10/2018 1:52:00 PM,27210,27250.45,27210,27244.7,0
9/10/2018 1:51:00 PM,27210.1,27217.95,27207.65,27210.05,0
9/10/2018 1:50:00 PM,27206.25,27213.25,27204.2,27213.25,0
9/10/2018 1:49:00 PM,27199.7,27210.75,27198.8,27204.95,0
9/10/2018 1:48:00 PM,27195.85,27202.45,27194.6,27200.05,0
9/10/2018 1:47:00 PM,27208.65,27212.6,27195.9,27195.9,0
9/10/2018 1:46:00 PM,27198.4,27210.05,27198.2,27208.2,0
9/10/2018 1:45:00 PM,27194.95,27201.6,27194.3,27199.15,0
9/10/2018 1:44:00 PM,27191.35,27198.55,27190.85,27194.1,0
9/10/2018 1:43:00 PM,27192.8,27202,27190.9,27194.25,0
9/10/2018 1:42:00 PM,27184.55,27197.25,27184.55,27193.8,0
9/10/2018 1:41:00 PM,27194.85,27198.5,27183.8,27184.2,0
9/10/2018 1:40:00 PM,27205.5,27207.6,27194.6,27197.1,0
9/10/2018 1:39:00 PM,27207.1,27217.3,27204.25,27204.25,0
9/10/2018 1:38:00 PM,27208.65,27211.6,27202.7,27205.8,0
9/10/2018 1:37:00 PM,27211.95,27213,27203.6,27208.35,0
9/10/2018 1:36:00 PM,27209.55,27214.25,27206.5,27213.6,0
9/10/2018 1:35:00 PM,27210.9,27213.35,27205.8,27208.1,0
9/10/2018 1:34:00 PM,27201.65,27210.5,27200,27208.8,0
9/10/2018 1:33:00 PM,27202.9,27210.8,27198.85,27202.7,0
9/10/2018 1:32:00 PM,27194.8,27208.05,27193.3,27205.9,0
9/10/2018 1:31:00 PM,27198.4,27204.2,27198.05,27198.2,0
9/10/2018 1:30:00 PM,27194.1,27198.8,27187.8,27198.8,0
9/10/2018 1:29:00 PM,27179.05,27194.3,27178.15,27193.45,0
9/10/2018 1:28:00 PM,27190.85,27191.85,27178.35,27178.35,0
9/10/2018 1:27:00 PM,27179.8,27191.85,27179.5,27191.6,0
9/10/2018 1:26:00 PM,27175.65,27185.95,27175.3,27177.2,0
9/10/2018 1:25:00 PM,27174.95,27181.15,27174.95,27176.45,0
9/10/2018 1:24:00 PM,27178.9,27186.4,27175.4,27176.5,0
9/10/2018 1:23:00 PM,27174.3,27180.75,27170.1,27179.65,0
9/10/2018 1:22:00 PM,27183.95,27187.8,27172.45,27173.3,0
9/10/2018 1:21:00 PM,27191.6,27197.15,27183.15,27183.15,0
9/10/2018 1:20:00 PM,27191.05,27197.6,27187.1,27192,0
9/10/2018 1:19:00 PM,27190.2,27198.8,27186.35,27191.25,0
9/10/2018 1:18:00 PM,27185.7,27196.65,27185.7,27191.4,0
9/10/2018 1:17:00 PM,27203.7,27204.7,27185.05,27185.05,0
9/10/2018 1:16:00 PM,27205.4,27208.7,27200.55,27203.05,0
9/10/2018 1:15:00 PM,27208.85,27211.7,27199.3,27205.9,0
9/10/2018 1:14:00 PM,27202.6,27215.9,27202.6,27208.75,0
9/10/2018 1:13:00 PM,27214.1,27217.45,27199.55,27202.45,0
9/10/2018 1:12:00 PM,27219.3,27221.55,27213.35,27213.35,0
9/10/2018 1:11:00 PM,27217.7,27221.15,27213.35,27217.1,0
9/10/2018 1:10:00 PM,27214.75,27222.05,27212.95,27216.1,0
9/10/2018 1:09:00 PM,27205.65,27221.7,27204.85,27215.15,0
9/10/2018 1:08:00 PM,27209.35,27215.1,27202.2,27205.35,0
9/10/2018 1:07:00 PM,27189.5,27209.3,27187.1,27207.25,0
9/10/2018 1:06:00 PM,27184.15,27192.2,27176.15,27188.85,0
9/10/2018 1:05:00 PM,27182.95,27189.55,27182,27183.65,0
9/10/2018 1:04:00 PM,27187.25,27192,27181.95,27184.3,0
9/10/2018 1:03:00 PM,27192.4,27199.75,27186.05,27187.4,0
9/10/2018 1:02:00 PM,27194.55,27201.1,27192.4,27194.15,0
9/10/2018 1:01:00 PM,27195.05,27199.55,27193.85,27194.35,0
9/10/2018 1:00:00 PM,27208.55,27214.4,27194.7,27195.85,0
9/10/2018 12:59:00 PM,27196.6,27209.45,27196.45,27209.45,0
9/10/2018 12:58:00 PM,27187.75,27202.25,27187.5,27202.25,0
9/10/2018 12:57:00 PM,27174.05,27189.6,27174.05,27189.6,0
9/10/2018 12:56:00 PM,27171.9,27178.7,27171.7,27173.4,0
9/10/2018 12:55:00 PM,27176.5,27179.75,27170.65,27171.25,0
9/10/2018 12:54:00 PM,27180.25,27188.55,27176.25,27180,0
9/10/2018 12:53:00 PM,27175.75,27183.8,27170.45,27181.25,0
9/10/2018 12:52:00 PM,27185.15,27190.2,27175.7,27176.05,0
9/10/2018 12:51:00 PM,27187.6,27193.1,27184.2,27184.2,0
9/10/2018 12:50:00 PM,27191.7,27196.75,27186.1,27187.9,0
9/10/2018 12:49:00 PM,27183.75,27191.7,27180.95,27190.95,0
9/10/2018 12:48:00 PM,27197.4,27202.05,27183.3,27185.9,0
9/10/2018 12:47:00 PM,27192.95,27199.65,27187.95,27197.2,0
9/10/2018 12:46:00 PM,27190.95,27202.45,27189.2,27193.6,0
9/10/2018 12:45:00 PM,27184.7,27194.3,27181,27189.75,0
9/10/2018 12:44:00 PM,27172.55,27190.3,27172.55,27185.1,0
9/10/2018 12:43:00 PM,27174.45,27180.05,27172.9,27176.75,0
9/10/2018 12:42:00 PM,27187.6,27191.5,27171.15,27172.5,0
9/10/2018 12:41:00 PM,27189.35,27200.5,27186.35,27188.1,0
9/10/2018 12:40:00 PM,27193.5,27196.2,27183.85,27187.6,0
9/10/2018 12:39:00 PM,27174.5,27192.75,27174.5,27192.75,0
9/10/2018 12:38:00 PM,27169.1,27176.55,27167.05,27174.35,0
9/10/2018 12:37:00 PM,27166.4,27176.15,27160.75,27168,0
9/10/2018 12:36:00 PM,27159.85,27174.2,27159.85,27169.5,0
9/10/2018 12:35:00 PM,27150.05,27161.15,27150.05,27161.15,0
9/10/2018 12:34:00 PM,27156.35,27164.25,27147.15,27151.25,0
9/10/2018 12:33:00 PM,27166.8,27169.6,27154.95,27156.05,0
9/10/2018 12:32:00 PM,27160.8,27170.55,27160.8,27168.05,0
9/10/2018 12:31:00 PM,27157.6,27165.25,27156.65,27161.25,0
9/10/2018 12:30:00 PM,27167.15,27173,27156.05,27157.3,0
9/10/2018 12:29:00 PM,27166.2,27169.85,27160.55,27166.55,0
9/10/2018 12:28:00 PM,27173.55,27173.55,27157.75,27166.15,0
9/10/2018 12:27:00 PM,27169.3,27181.15,27168.25,27171.7,0
9/10/2018 12:26:00 PM,27175.55,27179.7,27169.05,27172.55,0
9/10/2018 12:25:00 PM,27167.9,27180.9,27167.9,27176.8,0
9/10/2018 12:24:00 PM,27170.9,27177.9,27167.75,27172.95,0
9/10/2018 12:23:00 PM,27181.3,27193.8,27167.7,27167.7,0
9/10/2018 12:22:00 PM,27156.65,27183.1,27156.65,27179.85,0
9/10/2018 12:21:00 PM,27154.9,27169.85,27151.7,27158.5,0
9/10/2018 12:20:00 PM,27161.2,27161.9,27143.7,27152.8,0
9/10/2018 12:19:00 PM,27161.5,27164,27154.6,27160.35,0
9/10/2018 12:18:00 PM,27155.6,27162.55,27146.65,27160.95,0
9/10/2018 12:17:00 PM,27159.95,27166.8,27144.95,27154.05,0
9/10/2018 12:16:00 PM,27168.15,27168.35,27156.15,27159.6,0
9/10/2018 12:15:00 PM,27176.3,27184.95,27164.3,27166.35,0
9/10/2018 12:14:00 PM,27182.6,27192.15,27175.2,27177.75,0
9/10/2018 12:13:00 PM,27193.8,27199.75,27179.85,27182.95,0
9/10/2018 12:12:00 PM,27184.05,27193.55,27184.05,27192.75,0
9/10/2018 12:11:00 PM,27173.75,27188.65,27173.75,27184.35,0
9/10/2018 12:10:00 PM,27165.45,27180.4,27165.45,27175.35,0
9/10/2018 12:09:00 PM,27176.65,27182.45,27164.45,27167.7,0
9/10/2018 12:08:00 PM,27174.15,27177.1,27161.4,27177.1,0
9/10/2018 12:07:00 PM,27183.2,27187.6,27174.15,27176.8,0
9/10/2018 12:06:00 PM,27175.25,27185.6,27175.25,27183.35,0
9/10/2018 12:05:00 PM,27186.3,27188.6,27174.9,27176.5,0
9/10/2018 12:04:00 PM,27199.7,27201.35,27186.4,27186.4,0
9/10/2018 12:03:00 PM,27209.1,27214.1,27200.05,27202.85,0
9/10/2018 12:02:00 PM,27201.2,27211.2,27199,27207.8,0
9/10/2018 12:01:00 PM,27207.7,27210.3,27197.8,27202.6,0
9/10/2018 12:00:00 PM,27203.45,27209.1,27195.5,27205.8,0
9/10/2018 11:59:00 AM,27213.9,27214.15,27203.3,27204.6,0
9/10/2018 11:58:00 AM,27201.3,27215.65,27197.75,27214.25,0
9/10/2018 11:57:00 AM,27195.1,27203.95,27187.45,27200.15,0
9/10/2018 11:56:00 AM,27204.6,27204.6,27187.9,27195.85,0
9/10/2018 11:55:00 AM,27199.3,27207.4,27195.3,27201.6,0
9/10/2018 11:54:00 AM,27216.25,27218.15,27198.5,27198.5,0
9/10/2018 11:53:00 AM,27217.3,27219.7,27212.05,27216.45,0
9/10/2018 11:52:00 AM,27216.05,27223.4,27209.85,27218.55,0
9/10/2018 11:51:00 AM,27215.9,27218.55,27209.5,27215.9,0
9/10/2018 11:50:00 AM,27225.25,27230.3,27215,27215,0
9/10/2018 11:49:00 AM,27233.6,27233.6,27219.3,27225.35,0
9/10/2018 11:48:00 AM,27246.5,27248.2,27230.6,27234.1,0
9/10/2018 11:47:00 AM,27245.2,27248.4,27242.5,27247.1,0
9/10/2018 11:46:00 AM,27243.65,27250.9,27242.95,27244.6,0
9/10/2018 11:45:00 AM,27247.4,27251.95,27243.75,27244.6,0
9/10/2018 11:44:00 AM,27242.7,27249.4,27239.95,27245.45,0
9/10/2018 11:43:00 AM,27241.35,27243.1,27231.95,27243.1,0
9/10/2018 11:42:00 AM,27255.3,27258.35,27233.55,27240.6,0
9/10/2018 11:41:00 AM,27232.25,27255.6,27232.25,27255.6,0
9/10/2018 11:40:00 AM,27233.05,27236.85,27230.45,27231.35,0
9/10/2018 11:39:00 AM,27239.55,27239.7,27229.35,27233.1,0
9/10/2018 11:38:00 AM,27238.3,27240.65,27235.3,27239.9,0
9/10/2018 11:37:00 AM,27242.6,27247.8,27238.8,27238.8,0
9/10/2018 11:36:00 AM,27238.9,27244.35,27235.1,27242.6,0
9/10/2018 11:35:00 AM,27241.3,27243.05,27234.55,27237.5,0
9/10/2018 11:34:00 AM,27247.25,27249.65,27240.3,27241.9,0
9/10/2018 11:33:00 AM,27255.8,27255.8,27238.95,27244.65,0
9/10/2018 11:32:00 AM,27246.75,27257.4,27242.65,27254.1,0
9/10/2018 11:31:00 AM,27223.1,27244.65,27223.1,27244.65,0
9/10/2018 11:30:00 AM,27233.7,27233.7,27211.75,27225.95,0
9/10/2018 11:29:00 AM,27234.35,27236.85,27229.35,27231.75,0
9/10/2018 11:28:00 AM,27237.75,27240.2,27230.4,27231.5,0
9/10/2018 11:27:00 AM,27240.15,27245.9,27234.35,27237,0
9/10/2018 11:26:00 AM,27243.95,27246.45,27234.1,27246,0
9/10/2018 11:25:00 AM,27238.25,27245.4,27230.85,27241.9,0
9/10/2018 11:24:00 AM,27240.9,27242.6,27236.55,27239.4,0
9/10/2018 11:23:00 AM,27229.5,27239.85,27228.25,27239.8,0
9/10/2018 11:22:00 AM,27241.35,27241.85,27228.35,27231.25,0
9/10/2018 11:21:00 AM,27239,27244.05,27237.15,27239.35,0
9/10/2018 11:20:00 AM,27242.2,27243.85,27237.7,27239.4,0
9/10/2018 11:19:00 AM,27233.25,27241.9,27226.45,27241.9,0
9/10/2018 11:18:00 AM,27236.85,27238,27226.55,27233.6,0
9/10/2018 11:17:00 AM,27244.35,27245.65,27234.6,27237,0
9/10/2018 11:16:00 AM,27240,27244.45,27234.05,27242.45,0
9/10/2018 11:15:00 AM,27238.65,27243.85,27233.8,27240.55,0
9/10/2018 11:14:00 AM,27248.85,27251.55,27237.9,27243.45,0
9/10/2018 11:13:00 AM,27237.3,27249.3,27236.5,27248,0
9/10/2018 11:12:00 AM,27242.35,27245.75,27234.55,27237.55,0
9/10/2018 11:11:00 AM,27225.7,27244.7,27225.7,27244.7,0
9/10/2018 11:10:00 AM,27237.35,27237.8,27225.85,27228,0
9/10/2018 11:09:00 AM,27244.05,27245.5,27226.95,27238.2,0
9/10/2018 11:08:00 AM,27239.25,27245.2,27237.5,27244.2,0
9/10/2018 11:07:00 AM,27245.05,27246.5,27236.7,27240.65,0
9/10/2018 11:06:00 AM,27244.9,27247.1,27243.25,27245.4,0
9/10/2018 11:05:00 AM,27250.85,27253.95,27242.5,27243.7,0
9/10/2018 11:04:00 AM,27247.05,27254.6,27243.25,27250.95,0
9/10/2018 11:03:00 AM,27252.55,27253.5,27245,27245.75,0
9/10/2018 11:02:00 AM,27250.25,27261.65,27250.05,27254.45,0
9/10/2018 11:01:00 AM,27248.85,27262.05,27248.85,27253.2,0
9/10/2018 11:00:00 AM,27237.6,27249.95,27237.6,27247.35,0
9/10/2018 10:59:00 AM,27255.1,27256.3,27233.1,27238.5,0
9/10/2018 10:58:00 AM,27252.75,27255.7,27246.9,27253.6,0
9/10/2018 10:57:00 AM,27257.2,27258.5,27249.7,27251.65,0
9/10/2018 10:56:00 AM,27248.25,27258.95,27246.55,27254.95,0
9/10/2018 10:55:00 AM,27251.75,27253.2,27241.95,27248.6,0
9/10/2018 10:54:00 AM,27257.5,27258.35,27245.95,27253.4,0
9/10/2018 10:53:00 AM,27260.2,27264.2,27255.7,27256.2,0
9/10/2018 10:52:00 AM,27254.45,27261.95,27251.8,27261.3,0
9/10/2018 10:51:00 AM,27251.2,27255.05,27246.6,27251.2,0
9/10/2018 10:50:00 AM,27249.15,27252.65,27246.65,27251.3,0
9/10/2018 10:49:00 AM,27247.65,27250.7,27244.5,27249.2,0
9/10/2018 10:48:00 AM,27259.1,27261,27243.65,27250.4,0
9/10/2018 10:47:00 AM,27252.4,27265.95,27250.8,27259.95,0
9/10/2018 10:46:00 AM,27261.55,27261.55,27246.6,27253.6,0
9/10/2018 10:45:00 AM,27245.5,27262.2,27245.5,27262.2,0
9/10/2018 10:44:00 AM,27242.95,27253.55,27241.45,27241.9,0
9/10/2018 10:43:00 AM,27247.8,27249.55,27239.9,27242.1,0
9/10/2018 10:42:00 AM,27259.7,27261.35,27243.5,27243.5,0
9/10/2018 10:41:00 AM,27276.4,27277.05,27261.35,27263.1,0
9/10/2018 10:40:00 AM,27271.65,27280,27270.7,27276.05,0
9/10/2018 10:39:00 AM,27275.85,27277.25,27261.15,27268.9,0
9/10/2018 10:38:00 AM,27273.55,27277.25,27265.35,27276.8,0
9/10/2018 10:37:00 AM,27266.3,27275.75,27266.3,27271.25,0
9/10/2018 10:36:00 AM,27269.2,27269.2,27258.1,27267.25,0
9/10/2018 10:35:00 AM,27268.85,27275.55,27262.25,27262.25,0
9/10/2018 10:34:00 AM,27281.35,27282.3,27269.75,27272.65,0
9/10/2018 10:33:00 AM,27296.05,27298.25,27281,27281,0
9/10/2018 10:32:00 AM,27286.5,27296.2,27285.25,27296.2,0
9/10/2018 10:31:00 AM,27300.8,27304.7,27284.95,27286.35,0
9/10/2018 10:30:00 AM,27292.3,27304.25,27289.95,27302.55,0
9/10/2018 10:29:00 AM,27290.8,27298.2,27286.05,27292.95,0
9/10/2018 10:28:00 AM,27295.35,27298.65,27286.35,27289.6,0
9/10/2018 10:27:00 AM,27288.45,27296.7,27286.1,27294.5,0
9/10/2018 10:26:00 AM,27283.55,27287.9,27279.8,27287.9,0
9/10/2018 10:25:00 AM,27291.65,27294.3,27277.6,27281.95,0
9/10/2018 10:24:00 AM,27279.6,27292.25,27278.05,27292.2,0
9/10/2018 10:23:00 AM,27286.6,27293,27278.7,27278.9,0
9/10/2018 10:22:00 AM,27302.65,27303.7,27286.05,27287.1,0
9/10/2018 10:21:00 AM,27299.7,27303.5,27293.55,27303.5,0
9/10/2018 10:20:00 AM,27300.75,27306.95,27299.6,27302.45,0
9/10/2018 10:19:00 AM,27304.85,27307.1,27290.6,27301.4,0
9/10/2018 10:18:00 AM,27295.8,27305.85,27292.2,27304.3,0
9/10/2018 10:17:00 AM,27295.3,27296.15,27282.9,27293.8,0
9/10/2018 10:16:00 AM,27282.7,27292.25,27278.9,27291.45,0
9/10/2018 10:15:00 AM,27280.8,27284.1,27274.35,27281.6,0
9/10/2018 10:14:00 AM,27289.85,27296.8,27275.1,27279.75,0
9/10/2018 10:13:00 AM,27287.75,27297.6,27281.65,27291,0
9/10/2018 10:12:00 AM,27272.85,27291.5,27265.1,27290.25,0
9/10/2018 10:11:00 AM,27269.5,27272.6,27263.45,27267.8,0
9/10/2018 10:10:00 AM,27267.1,27276.85,27263.15,27267.3,0
9/10/2018 10:09:00 AM,27280.95,27287.8,27267.8,27267.8,0
9/10/2018 10:08:00 AM,27273.1,27283.65,27267.8,27279,0
9/10/2018 10:07:00 AM,27272.25,27282.55,27266.8,27276.95,0
9/10/2018 10:06:00 AM,27265.5,27275.2,27261.4,27270.05,0
9/10/2018 10:05:00 AM,27270.45,27274.75,27260.9,27266.55,0
9/10/2018 10:04:00 AM,27294.05,27294.05,27269.7,27269.7,0
9/10/2018 10:03:00 AM,27308.9,27308.9,27289.9,27289.9,0
9/10/2018 10:02:00 AM,27323.85,27326.2,27305.15,27305.15,0
9/10/2018 10:01:00 AM,27312.45,27326.55,27310.9,27324.75,0
9/10/2018 10:00:00 AM,27316.45,27320.45,27310.6,27312.5,0
9/10/2018 9:59:00 AM,27333.75,27333.75,27311.25,27314.2,0
9/10/2018 9:58:00 AM,27323.65,27334.85,27322.55,27332,0
9/10/2018 9:57:00 AM,27338.95,27344.65,27319.9,27320,0
9/10/2018 9:56:00 AM,27356.1,27358.1,27336.95,27342.6,0
9/10/2018 9:55:00 AM,27355.35,27356.2,27340.6,27352.75,0
9/10/2018 9:54:00 AM,27364.85,27366.55,27353.85,27355.1,0
9/10/2018 9:53:00 AM,27366.95,27370.1,27362.1,27365.55,0
9/10/2018 9:52:00 AM,27353.4,27367.7,27349.95,27367.7,0
9/10/2018 9:51:00 AM,27340.05,27353.85,27340.05,27353.85,0
9/10/2018 9:50:00 AM,27358.3,27366.8,27338.7,27339.15,0
9/10/2018 9:49:00 AM,27364.7,27373.9,27354.6,27358.25,0
9/10/2018 9:48:00 AM,27363.25,27371.2,27359.75,27367.4,0
9/10/2018 9:47:00 AM,27343.65,27362.2,27343.15,27359.75,0
9/10/2018 9:46:00 AM,27341.35,27345.75,27335.35,27341.35,0
9/10/2018 9:45:00 AM,27357.2,27357.2,27341.7,27345.9,0
9/10/2018 9:44:00 AM,27358.4,27366.65,27353.75,27358.3,0
9/10/2018 9:43:00 AM,27353.4,27363.65,27351.4,27360,0
9/10/2018 9:42:00 AM,27348.5,27361.65,27340.95,27354.6,0
9/10/2018 9:41:00 AM,27341.15,27352.8,27338.5,27342,0
9/10/2018 9:40:00 AM,27329.85,27345.65,27329.75,27339.25,0
9/10/2018 9:39:00 AM,27338.75,27338.75,27311.25,27327.65,0
9/10/2018 9:38:00 AM,27348.25,27349.4,27334.25,27334.65,0
9/10/2018 9:37:00 AM,27342.6,27351.3,27341.35,27348.35,0
9/10/2018 9:36:00 AM,27317.05,27342.05,27317.05,27338.6,0
9/10/2018 9:35:00 AM,27331.8,27336.1,27312,27317.9,0
9/10/2018 9:34:00 AM,27342.5,27344.3,27328.9,27331.6,0
9/10/2018 9:33:00 AM,27338.7,27357.5,27336.15,27343.35,0
9/10/2018 9:32:00 AM,27357.25,27364.6,27339.3,27339.3,0
9/10/2018 9:31:00 AM,27365.5,27370.05,27358.9,27358.9,0
9/10/2018 9:30:00 AM,27366.85,27369.15,27357.95,27363.6,0
9/10/2018 9:29:00 AM,27377.45,27380.3,27362,27369.95,0
9/10/2018 9:28:00 AM,27390.85,27390.85,27374.35,27381.25,0
9/10/2018 9:27:00 AM,27377.25,27391.95,27368.55,27391.65,0
9/10/2018 9:26:00 AM,27398.55,27398.55,27378.85,27379.45,0
9/10/2018 9:25:00 AM,27385.05,27404.65,27381.4,27395.4,0
9/10/2018 9:24:00 AM,27364.9,27385.15,27352.05,27385.15,0
9/10/2018 9:23:00 AM,27362,27371,27347.55,27364.1,0
9/10/2018 9:22:00 AM,27351.25,27360.2,27336,27360.2,0
9/10/2018 9:21:00 AM,27351.45,27362.95,27344,27350.7,0
9/10/2018 9:20:00 AM,27383.05,27383.55,27345.15,27354.25,0
9/10/2018 9:19:00 AM,27372.05,27400.15,27368.4,27384.1,0
9/10/2018 9:18:00 AM,27349.75,27385.8,27347.45,27375.7,0
9/10/2018 9:17:00 AM,27373.25,27383.45,27352.7,27353.65,0
9/10/2018 9:16:00 AM,27357.05,27379.25,27346.55,27371.6,0
9/10/2018 9:15:00 AM,27395.2,27395.2,27299.8,27353.3,0
